"","year","zone","count.1219","mean.1219","stdev.1219","sum.1219","count.1220","mean.1220","stdev.1220","sum.1220","count.1221","mean.1221","stdev.1221","sum.1221","count.1222","mean.1222","stdev.1222","sum.1222","count.1223","mean.1223","stdev.1223","sum.1223","count.1224","mean.1224","stdev.1224","sum.1224","count.1225","mean.1225","stdev.1225","sum.1225","count.1226","mean.1226","stdev.1226","sum.1226","count.1227","mean.1227","stdev.1227","sum.1227","count.1228","mean.1228","stdev.1228","sum.1228","count.1229","mean.1229","stdev.1229","sum.1229","count.1230","mean.1230","stdev.1230","sum.1230","count.1231","mean.1231","stdev.1231","sum.1231","count.101","mean.101","stdev.101","sum.101","count.102","mean.102","stdev.102","sum.102"
"1",2005,38079,72,0,0,0,72,0,0,0,72,0,0,0,72,2.72017,4.43192,195.852,72,0,0,0,72,0,0,0,72,0.240383,0.537513,17.3076,72,2.4111,3.16533,173.599,72,0,0,0,72,0,0,0,72,0,0,0,72,0.55,1.22984,39.6,72,0,0,0,NA,NA,NA,NA,NA,NA,NA,NA
"2",2005,38009,120,0,0,0,120,0,0,0,120,0,0,0,120,1.76033,3.36023,211.24,120,1.12469,2.31125,134.963,120,0,0,0,120,4.17968,3.81537,501.562,120,0.530106,0.972279,63.6127,120,0.00783866,0.0422125,0.940639,120,0,0,0,120,1.70505,2.38438,204.606,120,0,0,0,120,0,0,0,NA,NA,NA,NA,NA,NA,NA,NA
"3",2005,38067,85,0,0,0,85,0,0,0,85,0,0,0,85,0,0,0,85,0.134904,0.539618,11.4669,85,0,0,0,85,0,0,0,85,0,0,0,85,1.32785,1.17313,112.867,85,0,0,0,85,0,0,0,85,0.125491,0.242173,10.6667,85,0,0,0,NA,NA,NA,NA,NA,NA,NA,NA
"4",2005,38095,79,0,0,0,79,0,0,0,79,0,0,0,79,0,0,0,79,0.223291,0.371087,17.64,79,0,0,0,79,0.203544,0.501852,16.08,79,0,0,0,79,0,0,0,79,0,0,0,79,0,0,0,79,0,0,0,79,0,0,0,NA,NA,NA,NA,NA,NA,NA,NA
"5",2005,38019,102,0,0,0,102,0,0,0,102,0,0,0,102,0,0,0,102,0,0,0,102,0,0,0,102,3.68647,4.27214,376.02,102,0,0,0,102,0.157647,0.485114,16.08,102,0,0,0,102,0,0,0,102,0,0,0,102,0,0,0,NA,NA,NA,NA,NA,NA,NA,NA
"6",2005,38023,88,0,0,0,88,0,0,0,88,0.147273,0.91241,12.96,88,0,0,0,88,0,0,0,88,0,0,0,88,0.0463636,0.212465,4.08,88,0.188182,0.695679,16.56,88,0.353229,1.18175,31.0841,88,0,0,0,88,3.02465,2.32675,266.169,88,0,0,0,88,0.0368182,0.19598,3.24,NA,NA,NA,NA,NA,NA,NA,NA
"7",2005,38013,77,0,0,0,77,0,0,0,77,0,0,0,77,0.0331545,0.104844,2.55289,77,0,0,0,77,0,0,0,77,1.54026,2.05831,118.6,77,0.143656,0.318743,11.0615,77,3.44034,5.08473,264.906,77,0.411135,0.835862,31.6574,77,5.45596,3.32582,420.109,77,0.0410335,0.357721,3.15958,77,0.959065,1.87866,73.848,NA,NA,NA,NA,NA,NA,NA,NA
"8",2005,38075,60,0,0,0,60,0,0,0,60,0,0,0,60,0.0383133,0.115235,2.2988,60,1.44543,3.09686,86.7257,60,0,0,0,60,7.81245,1.95466,468.747,60,0,0,0,60,0.0313546,0.0799389,1.88128,60,0,0,0,60,3.83409,3.89822,230.045,60,0.0526596,0.404486,3.15958,60,0.0556404,0.427382,3.33842,NA,NA,NA,NA,NA,NA,NA,NA
"9",2005,38101,142,0,0,0,142,0,0,0,142,0,0,0,142,0.864657,1.68211,122.781,142,2.17786,3.95305,309.256,142,0,0,0,142,4.48054,3.86348,636.237,142,0.534596,1.45684,75.9127,142,0,0,0,142,0,0,0,142,0.748331,1.06683,106.263,142,0.410233,1.07716,58.2531,142,0.727472,1.54571,103.301,NA,NA,NA,NA,NA,NA,NA,NA
"10",2005,38105,164,0,0,0,164,0,0,0,164,0.323489,1.24909,53.0522,164,0.167404,0.453401,27.4542,164,1.56412,2.50006,256.516,164,0,0,0,164,2.4631,6.94617,403.949,164,0.151463,0.628568,24.84,164,1.20836,2.34763,198.171,164,0,0,0,164,3.03076,1.76665,497.044,164,0.43761,1.1747,71.768,164,0.648061,1.64754,106.282,NA,NA,NA,NA,NA,NA,NA,NA
"11",2005,38049,139,0,0,0,139,0,0,0,139,0,0,0,139,1.28579,2.51755,178.725,139,1.09128,2.62063,151.688,139,0,0,0,139,2.32446,3.39061,323.1,139,2.4457,3.25308,339.952,139,0.411246,0.524836,57.1631,139,0,0,0,139,0.729323,1.08033,101.376,139,0,0,0,139,0,0,0,NA,NA,NA,NA,NA,NA,NA,NA
"12",2005,38061,144,0,0,0,144,0,0,0,144,0,0,0,144,0.929641,1.76484,133.868,144,1.93184,2.39452,278.184,144,0,0,0,144,0.0324438,0.172193,4.67191,144,0.625782,1.26456,90.1126,144,0.628735,2.32059,90.5378,144,0.601646,1.61013,86.637,144,2.91277,2.81549,419.438,144,1.36383,1.48072,196.392,144,1.98193,2.42029,285.397,NA,NA,NA,NA,NA,NA,NA,NA
"13",2005,38069,77,0,0,0,77,0,0,0,77,0,0,0,77,10.4965,6.97206,808.233,77,0,0,0,77,0,0,0,77,0.093596,0.300401,7.20689,77,4.00126,3.34662,308.097,77,0.176821,0.21657,13.6152,77,0,0,0,77,0,0,0,77,0.175814,0.64075,13.5377,77,0,0,0,NA,NA,NA,NA,NA,NA,NA,NA
"14",2005,38071,90,0,0,0,90,0,0,0,90,0,0,0,90,2.16654,4.17061,194.988,90,0,0,0,90,0,0,0,90,4.30123,4.7706,387.111,90,0,0,0,90,0.145576,0.269467,13.1018,90,0,0,0,90,0,0,0,90,1.69189,2.19591,152.271,90,0,0,0,NA,NA,NA,NA,NA,NA,NA,NA
"15",2005,38099,92,0,0,0,92,0,0,0,92,0,0,0,92,0,0,0,92,0.024928,0.237798,2.29338,92,0,0,0,92,2.01777,3.71585,185.635,92,0.337826,0.896372,31.08,92,0.230255,0.554422,21.1835,92,0,0,0,92,0,0,0,92,0.274184,0.732287,25.2249,92,0,0,0,NA,NA,NA,NA,NA,NA,NA,NA
"16",2005,38005,102,0,0,0,102,0,0,0,102,0,0,0,102,6.84325,7.44355,698.012,102,0.0494118,0.197647,5.04,102,0,0,0,102,0.103529,0.197423,10.56,102,0.214134,0.809959,21.8417,102,0.573254,0.656276,58.472,102,0,0,0,102,0,0,0,102,1.53542,1.42347,156.613,102,0,0,0,NA,NA,NA,NA,NA,NA,NA,NA
"17",2005,38063,73,0,0,0,73,0,0,0,73,0,0,0,73,0,0,0,73,0,0,0,73,0,0,0,73,1.55671,2.56991,113.64,73,1.32247,2.71334,96.54,73,0.399452,0.236943,29.16,73,0,0,0,73,0.234247,0.476408,17.1,73,0.577808,0.9084,42.18,73,0,0,0,NA,NA,NA,NA,NA,NA,NA,NA
"18",2005,38035,110,0,0,0,110,0,0,0,110,0,0,0,110,0,0,0,110,0,0,0,110,0,0,0,110,0.0829091,0.201284,9.12,110,0.828,2.14868,91.08,110,0.006,0.0626418,0.66,110,0,0,0,110,0.130909,0.467439,14.4,110,0.894315,1.23097,98.3747,110,0,0,0,NA,NA,NA,NA,NA,NA,NA,NA
"19",2005,38053,200,0,0,0,200,0,0,0,200,0.0869072,0.299745,17.3814,200,0.0273325,0.221489,5.4665,200,0.160299,0.909392,32.0597,200,0,0,0,200,0.364389,1.4948,72.8779,200,0.792479,1.60621,158.496,200,0.0763591,0.351768,15.2718,200,0.446533,1.10077,89.3067,200,7.00352,2.09142,1400.7,200,0.227452,0.512986,45.4904,200,0.411,1.11859,82.2,NA,NA,NA,NA,NA,NA,NA,NA
"20",2005,38055,161,0,0,0,161,0,0,0,161,0,0,0,161,5.36676,8.77718,864.048,161,1.03752,2.27078,167.04,161,0,0,0,161,2.00149,2.95107,322.24,161,0.181118,0.92056,29.16,161,0.0238509,0.149426,3.84,161,0,0,0,161,2.81593,2.69021,453.365,161,1.16872,1.54009,188.165,161,3.09093,4.59225,497.64,NA,NA,NA,NA,NA,NA,NA,NA
"21",2005,38027,43,0,0,0,43,0,0,0,43,0,0,0,43,0.0613953,0.277979,2.64,43,0,0,0,43,0,0,0,43,0,0,0,43,0,0,0,43,0.996279,1.34905,42.84,43,0,0,0,43,0,0,0,43,0.664186,1.11782,28.56,43,0,0,0,NA,NA,NA,NA,NA,NA,NA,NA
"22",2005,38103,87,0,0,0,87,0,0,0,87,0,0,0,87,1.44552,2.45256,125.76,87,0,0,0,87,0,0,0,87,0,0,0,87,2.95724,4.24702,257.28,87,0,0,0,87,0,0,0,87,0,0,0,87,2.31172,2.77793,201.12,87,0,0,0,NA,NA,NA,NA,NA,NA,NA,NA
"23",2005,38083,69,0,0,0,69,0,0,0,69,0,0,0,69,1.30696,2.5524,90.18,69,0,0,0,69,0,0,0,69,0,0,0,69,1.60435,2.17424,110.7,69,0.0278261,0.161055,1.92,69,0,0,0,69,0.790435,1.77298,54.54,69,0.109565,0.326077,7.56,69,0,0,0,NA,NA,NA,NA,NA,NA,NA,NA
"24",2005,38025,145,0,0,0,145,0,0,0,145,0,0,0,145,0,0,0,145,0.353259,1.14628,51.2226,145,0,0,0,145,0.0592321,0.407513,8.58866,145,0.0289859,0.199421,4.20296,145,0.0600453,0.118009,8.70657,145,0,0,0,145,13.3932,6.28309,1942.02,145,3.22489,1.97453,467.608,145,7.09929,3.62007,1029.4,NA,NA,NA,NA,NA,NA,NA,NA
"25",2005,38091,50,0,0,0,50,0,0,0,50,0,0,0,50,0,0,0,50,0,0,0,50,0,0,0,50,0,0,0,50,8.4816,8.50878,424.08,50,0.1728,0.251897,8.64,50,0,0,0,50,0,0,0,50,0.7128,1.52138,35.64,50,0,0,0,NA,NA,NA,NA,NA,NA,NA,NA
"26",2005,38039,50,0,0,0,50,0,0,0,50,0,0,0,50,0,0,0,50,0,0,0,50,0,0,0,50,0,0,0,50,0.3816,2.6712,19.08,50,0.0108,0.0756,0.54,50,0,0,0,50,0,0,0,50,0,0,0,50,0,0,0,NA,NA,NA,NA,NA,NA,NA,NA
"27",2005,38097,56,0,0,0,56,0,0,0,56,0,0,0,56,0,0,0,56,0,0,0,56,0,0,0,56,0,0,0,56,0.243214,0.293812,13.62,56,2.08821,3.73425,116.94,56,0,0,0,56,0,0,0,56,0,0,0,56,0,0,0,NA,NA,NA,NA,NA,NA,NA,NA
"28",2005,38031,43,0,0,0,43,0,0,0,43,0,0,0,43,0,0,0,43,0,0,0,43,0,0,0,43,0,0,0,43,0,0,0,43,0.468837,1.16425,20.16,43,0,0,0,43,0,0,0,43,0,0,0,43,0,0,0,NA,NA,NA,NA,NA,NA,NA,NA
"29",2005,38057,77,0,0,0,77,0,0,0,77,0,0,0,77,0,0,0,77,0.187013,0.92881,14.4,77,0,0,0,77,0,0,0,77,0,0,0,77,0,0,0,77,0,0,0,77,13.6742,6.33896,1052.92,77,3.71623,2.63385,286.15,77,8.89507,2.41118,684.921,NA,NA,NA,NA,NA,NA,NA,NA
"30",2005,38007,89,0,0,0,89,0,0,0,89,0,0,0,89,2.42727,3.48487,216.027,89,0,0,0,89,0,0,0,89,0.302642,0.780913,26.9351,89,0.864625,1.45593,76.9516,89,0.179832,0.463998,16.005,89,0.663711,1.29098,59.0703,89,11.643,1.92881,1036.22,89,0.789274,0.72153,70.2454,89,0,0,0,NA,NA,NA,NA,NA,NA,NA,NA
"31",2005,38033,70,0,0,0,70,0,0,0,70,0.488069,0.767735,34.1648,70,3.55663,2.0416,248.964,70,0.679621,1.03653,47.5734,70,0.104373,0.608594,7.30611,70,0.0804822,0.335487,5.63375,70,0.0815621,0.475585,5.70935,70,0,0,0,70,0.30241,0.886129,21.1687,70,11.2683,2.6277,788.78,70,0.394854,0.337825,27.6397,70,0,0,0,NA,NA,NA,NA,NA,NA,NA,NA
"32",2005,38043,105,0,0,0,105,0,0,0,105,0,0,0,105,0,0,0,105,0,0,0,105,0,0,0,105,0,0,0,105,0.780571,1.50871,81.96,105,0,0,0,105,0.302801,1.07242,31.7941,105,5.04702,4.77367,529.937,105,3.12773,3.06264,328.412,105,0.0548571,0.152716,5.76,NA,NA,NA,NA,NA,NA,NA,NA
"33",2005,38093,162,0,0,0,162,0,0,0,162,0,0,0,162,0,0,0,162,0,0,0,162,0,0,0,162,0,0,0,162,0,0,0,162,0.194815,0.506494,31.56,162,0.12848,0.807485,20.8138,162,1.14091,2.08301,184.828,162,0.264726,0.473574,42.8855,162,0.522222,1.31249,84.6,NA,NA,NA,NA,NA,NA,NA,NA
"34",2005,38015,123,0,0,0,123,0,0,0,123,0,0,0,123,1.73099,3.72112,212.912,123,0,0,0,123,0,0,0,123,0.0816189,0.360419,10.0391,123,0.596802,1.59833,73.4067,123,0,0,0,123,0.139107,0.527416,17.1102,123,13.8331,6.31939,1701.47,123,8.77311,6.17465,1079.09,123,0.446566,1.1151,54.9276,NA,NA,NA,NA,NA,NA,NA,NA
"35",2005,38065,51,0,0,0,51,0,0,0,51,0,0,0,51,1.89505,5.99853,96.6476,51,0.0447059,0.221283,2.28,51,0,0,0,51,0.114893,0.397991,5.85956,51,1.25294,1.94105,63.9,51,0,0,0,51,0.0419367,0.296537,2.13877,51,15.819,3.13673,806.771,51,5.16882,1.82833,263.61,51,2.05529,1.94411,104.82,NA,NA,NA,NA,NA,NA,NA,NA
"36",2005,38003,106,0,0,0,106,0,0,0,106,0,0,0,106,0,0,0,106,0,0,0,106,0,0,0,106,0,0,0,106,5.98698,9.44745,634.62,106,2.86358,3.30136,303.54,106,0,0,0,106,1.13547,2.48175,120.36,106,0,0,0,106,0,0,0,NA,NA,NA,NA,NA,NA,NA,NA
"37",2005,38017,132,0,0,0,132,0,0,0,132,0,0,0,132,0,0,0,132,0,0,0,132,0,0,0,132,0,0,0,132,2.61015,3.46469,344.54,132,5.20143,4.19912,686.589,132,0,0,0,132,0.23,0.27258,30.36,132,0.617273,1.83631,81.48,132,0,0,0,NA,NA,NA,NA,NA,NA,NA,NA
"38",2005,38089,95,0,0,0,95,0,0,0,95,0,0,0,95,1.13076,2.74535,107.423,95,0.0874279,0.484154,8.30565,95,0,0,0,95,0,0,0,95,0,0,0,95,0.0883066,0.145061,8.38913,95,0,0,0,95,16.2315,1.99831,1541.99,95,4.67911,1.79391,444.515,95,3.49733,3.68788,332.247,NA,NA,NA,NA,NA,NA,NA,NA
"39",2005,38059,133,0,0,0,133,0,0,0,133,0,0,0,133,2.79304,3.40722,371.475,133,0.319236,0.414026,42.4583,133,0.315017,1.00031,41.8972,133,0,0,0,133,0,0,0,133,0.0499526,0.185576,6.6437,133,0.096486,0.443905,12.8326,133,16.5783,5.76554,2204.92,133,11.1204,5.75687,1479.02,133,4.00258,4.20203,532.343,NA,NA,NA,NA,NA,NA,NA,NA
"40",2005,38037,115,0,0,0,115,0,0,0,115,0,0,0,115,3.59155,4.13622,413.029,115,0,0,0,115,0,0,0,115,0,0,0,115,0,0,0,115,0.128505,0.253241,14.7781,115,0,0,0,115,19.4629,3.47537,2238.24,115,5.22196,4.33916,600.525,115,4.19334,4.31585,482.234,NA,NA,NA,NA,NA,NA,NA,NA
"41",2005,38029,115,0,0,0,115,0,0,0,115,0,0,0,115,1.24616,2.62678,143.309,115,0.280696,1.23283,32.28,115,0,0,0,115,0,0,0,115,1.4384,2.63397,165.416,115,0.567538,0.524033,65.2669,115,0.40634,0.982313,46.7291,115,6.99858,3.87399,804.836,115,4.88985,5.96919,562.333,115,0,0,0,NA,NA,NA,NA,NA,NA,NA,NA
"42",2005,38047,66,0,0,0,66,0,0,0,66,0,0,0,66,0,0,0,66,0,0,0,66,0,0,0,66,0,0,0,66,1.58182,2.22997,104.4,66,0,0,0,66,0.689073,1.66032,45.4788,66,8.32132,2.69389,549.207,66,3.65402,3.81728,241.165,66,0,0,0,NA,NA,NA,NA,NA,NA,NA,NA
"43",2005,38087,97,0,0,0,97,0,0,0,97,0,0,0,97,10.8273,4.81595,1050.25,97,0,0,0,97,0.221814,0.951476,21.516,97,0,0,0,97,0.328644,0.7684,31.8785,97,0.294006,0.315033,28.5186,97,0,0,0,97,13.4889,2.45819,1308.43,97,0.143283,0.802044,13.8985,97,0,0,0,NA,NA,NA,NA,NA,NA,NA,NA
"44",2005,38045,87,0,0,0,87,0,0,0,87,0,0,0,87,0,0,0,87,0,0,0,87,0,0,0,87,0,0,0,87,0.124138,0.565475,10.8,87,3.27489,3.91862,284.915,87,0,0,0,87,8.65984,3.37741,753.406,87,3.0846,3.49176,268.361,87,0,0,0,NA,NA,NA,NA,NA,NA,NA,NA
"45",2005,38041,84,0,0,0,84,0,0,0,84,0,0,0,84,1.88967,2.20735,158.732,84,0,0,0,84,0,0,0,84,0,0,0,84,0,0,0,84,0.402378,0.459404,33.7997,84,0,0,0,84,19.3121,2.79587,1622.21,84,2.1248,2.09445,178.483,84,0.239449,0.69123,20.1137,NA,NA,NA,NA,NA,NA,NA,NA
"46",2005,38073,59,0,0,0,59,0,0,0,59,0,0,0,59,0,0,0,59,0,0,0,59,0,0,0,59,0,0,0,59,0.353898,0.737557,20.88,59,9.14136,2.16394,539.34,59,0,0,0,59,4.00983,3.04514,236.58,59,0.671186,1.26266,39.6,59,0,0,0,NA,NA,NA,NA,NA,NA,NA,NA
"47",2005,38077,103,0,0,0,103,0,0,0,103,0,0,0,103,0,0,0,103,0,0,0,103,0,0,0,103,0,0,0,103,5.33038,7.9126,549.029,103,0.718011,1.54695,73.9552,103,0,0,0,103,5.29743,3.67179,545.635,103,1.69981,2.39207,175.08,103,0,0,0,NA,NA,NA,NA,NA,NA,NA,NA
"48",2005,38085,80,0,0,0,80,0,0,0,80,0,0,0,80,4.25022,3.57853,340.017,80,0.23175,1.1741,18.54,80,0,0,0,80,0,0,0,80,0,0,0,80,1.33056,0.859335,106.444,80,0,0,0,80,13.5781,5.49827,1086.25,80,4.53063,8.11232,362.451,80,0.384223,0.399594,30.7378,NA,NA,NA,NA,NA,NA,NA,NA
"49",2005,38001,71,0,0,0,71,0,0,0,71,0,0,0,71,3.94291,6.17164,279.947,71,0.190385,0.367858,13.5173,71,0,0,0,71,0,0,0,71,0,0,0,71,1.94049,1.0542,137.775,71,0,0,0,71,23.2587,3.79399,1651.37,71,0,0,0,71,0,0,0,NA,NA,NA,NA,NA,NA,NA,NA
"50",2005,38081,67,0,0,0,67,0,0,0,67,0,0,0,67,0,0,0,67,0,0,0,67,0,0,0,67,0,0,0,67,1.15522,1.90608,77.4,67,1.13373,2.84214,75.96,67,0,0,0,67,3.60179,2.5892,241.32,67,5.07492,4.59364,340.02,67,0,0,0,NA,NA,NA,NA,NA,NA,NA,NA
"51",2005,38051,77,0,0,0,77,0,0,0,77,0,0,0,77,0.674992,1.50008,51.9743,77,0.694286,2.04262,53.46,77,0,0,0,77,0,0,0,77,0.382597,1.27239,29.46,77,0.375805,0.588628,28.937,77,0,0,0,77,3.66567,2.55609,282.256,77,0.600934,1.80466,46.2719,77,0,0,0,NA,NA,NA,NA,NA,NA,NA,NA
"52",2005,38021,75,0,0,0,75,0,0,0,75,0,0,0,75,0,0,0,75,0.096,0.404455,7.2,75,0,0,0,75,0,0,0,75,0,0,0,75,0.548,0.775422,41.1,75,0,0,0,75,6.3544,2.90615,476.58,75,3.2664,3.65005,244.98,75,0,0,0,NA,NA,NA,NA,NA,NA,NA,NA
"53",2005,38011,84,0,0,0,84,0,0,0,84,0,0,0,84,10.1081,6.71557,849.079,84,0.714365,1.06525,60.0066,84,0,0,0,84,0,0,0,84,0.425302,0.912171,35.7254,84,0.304648,0.624087,25.5904,84,0.912161,1.95637,76.6215,84,12.2851,2.40861,1031.95,84,0,0,0,84,0,0,0,NA,NA,NA,NA,NA,NA,NA,NA
"54",2005,46105,214,0,0,0,214,0,0,0,214,0,0,0,214,10.0806,8.71576,2157.24,214,0,0,0,214,0,0,0,214,0,0,0,214,0,0,0,214,0.973155,1.59025,208.255,214,0,0,0,214,13.8909,5.24322,2972.66,214,0.032247,0.111073,6.90086,214,0,0,0,NA,NA,NA,NA,NA,NA,NA,NA
"55",2005,46031,161,0,0,0,161,0,0,0,161,0,0,0,161,4.54211,5.17798,731.28,161,0.834037,1.91527,134.28,161,0,0,0,161,0,0,0,161,0.0201242,0.146045,3.24,161,1.14849,1.02388,184.906,161,0,0,0,161,15.0193,3.13145,2418.11,161,0.466584,0.892302,75.12,161,0,0,0,NA,NA,NA,NA,NA,NA,NA,NA
"56",2005,46063,182,0,0,0,182,0,0,0,182,0,0,0,182,5.87535,5.70638,1069.31,182,0.475142,0.931131,86.4759,182,0,0,0,182,0,0,0,182,0.0132144,0.177782,2.40503,182,0.225645,0.637637,41.0675,182,0.232093,0.746655,42.241,182,10.794,1.99092,1964.5,182,0,0,0,182,0,0,0,NA,NA,NA,NA,NA,NA,NA,NA
"57",2005,46021,52,0,0,0,52,0,0,0,52,0,0,0,52,1.16308,1.57928,60.48,52,4.92,2.41581,255.84,52,0,0,0,52,0,0,0,52,0.124615,0.345044,6.48,52,0.588462,0.638789,30.6,52,0,0,0,52,6.62192,2.28003,344.34,52,1.81615,0.868536,94.44,52,0,0,0,NA,NA,NA,NA,NA,NA,NA,NA
"58",2005,46089,74,0,0,0,74,0,0,0,74,0,0,0,74,1.54703,2.40094,114.48,74,1.06297,2.13393,78.66,74,0,0,0,74,0,0,0,74,0,0,0,74,0.777568,0.806339,57.54,74,0,0,0,74,1.91189,1.01466,141.48,74,0,0,0,74,0,0,0,NA,NA,NA,NA,NA,NA,NA,NA
"59",2005,46013,125,0,0,0,125,0,0,0,125,0,0,0,125,4.36464,4.40573,545.58,125,0.05376,0.151376,6.72,125,0.5184,1.40383,64.8,125,0,0,0,125,0,0,0,125,0.51456,0.81226,64.32,125,0,0,0,125,2.16432,1.87861,270.54,125,0.64128,1.49973,80.16,125,0,0,0,NA,NA,NA,NA,NA,NA,NA,NA
"60",2005,46109,82,0,0,0,82,0,0,0,82,0,0,0,82,0,0,0,82,0,0,0,82,0,0,0,82,0,0,0,82,0,0,0,82,0.254634,0.615,20.88,82,0,0,0,82,4.42317,2.79478,362.7,82,0,0,0,82,0,0,0,NA,NA,NA,NA,NA,NA,NA,NA
"61",2005,46091,63,0,0,0,63,0,0,0,63,0,0,0,63,0,0,0,63,0,0,0,63,0,0,0,63,0,0,0,63,0.675238,1.47125,42.54,63,0.524762,0.798568,33.06,63,0,0,0,63,3.10762,1.62305,195.78,63,0.308571,0.602078,19.44,63,0,0,0,NA,NA,NA,NA,NA,NA,NA,NA
"62",2005,46129,49,0,0,0,49,0,0,0,49,0,0,0,49,3.92694,4.33797,192.42,49,2.01918,2.44965,98.94,49,0,0,0,49,0,0,0,49,0,0,0,49,0,0,0,49,0,0,0,49,8.53837,1.89683,418.38,49,0.656326,0.90195,32.16,49,0,0,0,NA,NA,NA,NA,NA,NA,NA,NA
"63",2005,46045,78,0,0,0,78,0,0,0,78,0,0,0,78,2.20615,2.53415,172.08,78,0,0,0,78,0,0,0,78,0,0,0,78,0,0,0,78,2.10769,2.60321,164.4,78,0.793846,1.86173,61.92,78,0.706154,0.791625,55.08,78,0,0,0,78,0,0,0,NA,NA,NA,NA,NA,NA,NA,NA
"64",2005,46037,77,0,0,0,77,0,0,0,77,0,0,0,77,3.49481,3.9236,269.1,77,0.50026,1.72087,38.52,77,0,0,0,77,0,0,0,77,0.154286,0.682561,11.88,77,1.20156,1.64166,92.52,77,0,0,0,77,1.80156,2.28723,138.72,77,4.70416,3.49609,362.22,77,0,0,0,NA,NA,NA,NA,NA,NA,NA,NA
"65",2005,46041,179,0,0,0,179,0,0,0,179,0,0,0,179,9.52403,7.97959,1704.8,179,1.0873,1.65243,194.626,179,0,0,0,179,0,0,0,179,0.0871508,0.207766,15.6,179,0.120861,0.28708,21.634,179,0,0,0,179,7.55787,2.53008,1352.86,179,0.0844693,0.315113,15.12,179,0,0,0,NA,NA,NA,NA,NA,NA,NA,NA
"66",2005,46137,136,0,0,0,136,0,0,0,136,0,0,0,136,12.1139,11.1221,1647.49,136,1.28401,1.71572,174.626,136,0,0,0,136,0,0,0,136,0,0,0,136,0.145091,0.29255,19.7324,136,0,0,0,136,6.50918,1.16841,885.249,136,1.14734,1.6086,156.038,136,0,0,0,NA,NA,NA,NA,NA,NA,NA,NA
"67",2005,46051,47,0,0,0,47,0,0,0,47,0,0,0,47,0.983221,1.6415,46.2114,47,0.932192,1.28304,43.813,47,0,0,0,47,0,0,0,47,5.62399,4.7201,264.327,47,0.90383,1.59628,42.48,47,0,0,0,47,7.05993,3.19135,331.817,47,1.06107,1.35045,49.8705,47,0,0,0,NA,NA,NA,NA,NA,NA,NA,NA
"68",2005,46107,68,0,0,0,68,0,0,0,68,0,0,0,68,0,0,0,68,0.527647,0.894191,35.88,68,0,0,0,68,0,0,0,68,0,0,0,68,0.197647,0.790588,13.44,68,0,0,0,68,1.96676,1.44737,133.74,68,0,0,0,68,0,0,0,NA,NA,NA,NA,NA,NA,NA,NA
"69",2005,46049,72,0,0,0,72,0,0,0,72,0,0,0,72,0,0,0,72,0.209167,0.653375,15.06,72,0,0,0,72,0,0,0,72,0,0,0,72,0.223333,0.683024,16.08,72,0,0,0,72,1.7,2.39416,122.4,72,0.0966667,0.398567,6.96,72,0,0,0,NA,NA,NA,NA,NA,NA,NA,NA
"70",2005,46115,111,0,0,0,111,0,0,0,111,0,0,0,111,2.67638,6.67198,297.078,111,0,0,0,111,0,0,0,111,0,0,0,111,0,0,0,111,0.111351,0.201483,12.36,111,0,0,0,111,0.611892,1.49277,67.92,111,1.11326,2.07257,123.572,111,0,0,0,NA,NA,NA,NA,NA,NA,NA,NA
"71",2005,46019,165,0,0,0,165,0,0,0,165,0,0,0,165,0.948179,1.85972,156.449,165,0.938822,1.54981,154.906,165,0,0,0,165,0,0,0,165,0.0583037,0.369896,9.62012,165,0,0,0,165,1.29399,3.04164,213.509,165,4.23411,4.96933,698.628,165,0.555431,1.36971,91.6461,165,0,0,0,NA,NA,NA,NA,NA,NA,NA,NA
"72",2005,46025,69,0,0,0,69,0,0,0,69,0,0,0,69,2.7513,4.62187,189.84,69,0.0173913,0.100659,1.2,69,0,0,0,69,0,0,0,69,0,0,0,69,0.0547826,0.141448,3.78,69,0,0,0,69,1.05391,1.23355,72.72,69,11.36,8.40467,783.84,69,0,0,0,NA,NA,NA,NA,NA,NA,NA,NA
"73",2005,46029,52,0,0,0,52,0,0,0,52,0,0,0,52,0.921645,1.40493,47.9255,52,1.39818,2.49994,72.7055,52,0,0,0,52,0,0,0,52,5.46865,5.16994,284.37,52,0.3,1.03923,15.6,52,0,0,0,52,1.19858,1.7053,62.3261,52,6.30876,2.69509,328.055,52,0,0,0,NA,NA,NA,NA,NA,NA,NA,NA
"74",2005,46093,253,0,0,0,253,0,0,0,253,0,0,0,253,3.70104,5.64813,936.364,253,1.19662,1.31419,302.745,253,0,0,0,253,0.0698462,0.491908,17.6711,253,0,0,0,253,0.1674,0.417842,42.3521,253,0.114294,0.80494,28.9163,253,3.26456,3.48246,825.934,253,1.01403,1.66326,256.549,253,0,0,0,NA,NA,NA,NA,NA,NA,NA,NA
"75",2005,46039,45,0,0,0,45,0,0,0,45,0,0,0,45,1.01239,1.35986,45.5575,45,5.43954,1.00586,244.78,45,0,0,0,45,0,0,0,45,9.34465,4.29072,420.509,45,0,0,0,45,0,0,0,45,2.35401,2.38736,105.931,45,7.32351,3.64886,329.558,45,0,0,0,NA,NA,NA,NA,NA,NA,NA,NA
"76",2005,46119,72,0,0,0,72,0,0,0,72,0,0,0,72,0.0525,0.138902,3.78,72,0.56,1.07564,40.32,72,0,0,0,72,0,0,0,72,0,0,0,72,1.33083,2.08383,95.82,72,0.306667,1.26442,22.08,72,1.14917,1.35631,82.74,72,0,0,0,72,0,0,0,NA,NA,NA,NA,NA,NA,NA,NA
"77",2005,46069,63,0,0,0,63,0,0,0,63,0,0,0,63,0.514286,2.05701,32.4,63,3.48286,2.05569,219.42,63,0,0,0,63,0,0,0,63,0,0,0,63,2.94667,3.21095,185.64,63,1.65333,2.29648,104.16,63,0,0,0,63,0,0,0,63,0,0,0,NA,NA,NA,NA,NA,NA,NA,NA
"78",2005,46059,101,0,0,0,101,0,0,0,101,0,0,0,101,0.33014,1.7668,33.3441,101,2.4342,3.49648,245.854,101,0,0,0,101,0,0,0,101,0,0,0,101,0.215644,0.256814,21.78,101,0,0,0,101,0.254864,0.378063,25.7412,101,0.15505,0.495728,15.66,101,0,0,0,NA,NA,NA,NA,NA,NA,NA,NA
"79",2005,46057,40,0,0,0,40,0,0,0,40,0,0,0,40,0.245089,0.808217,9.80355,40,2.12055,1.66247,84.8219,40,0,0,0,40,0,0,0,40,2.95893,3.88397,118.357,40,0,0,0,40,0,0,0,40,1.69387,0.893609,67.7547,40,24.6595,10.4164,986.379,40,0,0,0,NA,NA,NA,NA,NA,NA,NA,NA
"80",2005,46117,121,0,0,0,121,0,0,0,121,0,0,0,121,0.165124,1.0356,19.98,121,2.42876,2.38392,293.88,121,0.0733884,0.80393,8.88,121,0,0,0,121,0,0,0,121,0.991736,1.80421,120,121,0,0,0,121,1.32248,1.72354,160.02,121,2.42182,2.61368,293.04,121,0,0,0,NA,NA,NA,NA,NA,NA,NA,NA
"81",2005,46055,120,0,0,0,120,0,0,0,120,0,0,0,120,1.1025,1.90964,132.3,120,7.48958,2.58117,898.75,120,0,0,0,120,0,0,0,120,0,0,0,120,0.38272,0.578874,45.9264,120,0,0,0,120,2.01919,2.29531,242.303,120,1.42763,2.4952,171.316,120,0.647893,1.71416,77.7471,NA,NA,NA,NA,NA,NA,NA,NA
"82",2005,46005,88,0,0,0,88,0,0,0,88,0,0,0,88,12.9533,8.94867,1139.89,88,0.894949,2.38563,78.7555,88,0,0,0,88,0,0,0,88,0,0,0,88,0,0,0,88,0,0,0,88,0.464262,0.634188,40.8551,88,4.99188,5.51883,439.285,88,0,0,0,NA,NA,NA,NA,NA,NA,NA,NA
"83",2005,46081,62,0,0,0,62,0,0,0,62,0,0,0,62,0.214361,0.412771,13.2904,62,1.39645,2.11354,86.5802,62,0.522063,0.756542,32.3679,62,2.1347,1.69397,132.351,62,0.549374,1.67837,34.0612,62,0.412031,1.25877,25.5459,62,7.02327,2.39156,435.443,62,0.780215,1.47826,48.3733,62,0.058299,0.132942,3.61454,62,0,0,0,NA,NA,NA,NA,NA,NA,NA,NA
"84",2005,46065,59,0,0,0,59,0,0,0,59,0,0,0,59,0.317288,1.27696,18.72,59,1.9922,2.22182,117.54,59,0.602034,2.2324,35.52,59,0,0,0,59,0,0,0,59,3.04271,2.7917,179.52,59,0.508475,1.39669,30,59,0.316271,0.611267,18.66,59,0.658983,1.66385,38.88,59,0,0,0,NA,NA,NA,NA,NA,NA,NA,NA
"85",2005,46077,66,0,0,0,66,0,0,0,66,0,0,0,66,2.74186,4.39571,180.963,66,0.913899,1.56028,60.3173,66,0,0,0,66,0,0,0,66,0.0870255,0.492291,5.74368,66,0,0,0,66,0,0,0,66,0.466225,1.06872,30.7708,66,22.004,6.56076,1452.26,66,0,0,0,NA,NA,NA,NA,NA,NA,NA,NA
"86",2005,46011,59,0,0,0,59,0,0,0,59,0,0,0,59,0.0821245,0.304526,4.84535,59,4.2738,0.880446,252.154,59,0.923805,1.5822,54.5045,59,0,0,0,59,5.69707,3.45366,336.127,59,0,0,0,59,0,0,0,59,0.279293,0.72176,16.4783,59,13.3163,6.00534,785.659,59,0,0,0,NA,NA,NA,NA,NA,NA,NA,NA
"87",2005,46103,199,0,0,0,199,0.0169719,0.0779806,3.37741,199,0.0401005,0.210016,7.98,199,0.281504,0.826591,56.0193,199,1.24242,1.6982,247.242,199,0,0,0,199,0.276562,0.904202,55.0359,199,0.261244,1.0406,51.9875,199,0.648313,1.40613,129.014,199,1.6089,3.31438,320.17,199,0.614091,1.05859,122.204,199,0,0,0,199,0.00633166,0.0511782,1.26,NA,NA,NA,NA,NA,NA,NA,NA
"88",2005,46085,123,0,0,0,123,0,0,0,123,0,0,0,123,1.75073,3.4902,215.34,123,0.631707,1.28793,77.7,123,0.714634,2.05073,87.9,123,0,0,0,123,0,0,0,123,0.494146,1.31725,60.78,123,0,0,0,123,0.0673171,0.297264,8.28,123,0.193171,0.853019,23.76,123,0,0,0,NA,NA,NA,NA,NA,NA,NA,NA
"89",2005,46073,40,0,0,0,40,0,0,0,40,0,0,0,40,5.46201,5.47528,218.48,40,8.91227,3.64617,356.491,40,0,0,0,40,0,0,0,40,0,0,0,40,0,0,0,40,0,0,0,40,0.794317,0.570165,31.7727,40,0,0,0,40,0,0,0,NA,NA,NA,NA,NA,NA,NA,NA
"90",2005,46101,35,0,0,0,35,0,0,0,35,0,0,0,35,0,0,0,35,5.83629,3.20906,204.27,35,0,0,0,35,0,0,0,35,3.1179,4.27245,109.127,35,0,0,0,35,0,0,0,35,1.17128,1.16279,40.995,35,7.26774,4.28812,254.371,35,0,0,0,NA,NA,NA,NA,NA,NA,NA,NA
"91",2005,46017,30,0,0,0,30,0,0,0,30,0,0,0,30,4.128,4.9388,123.84,30,7.28591,5.07188,218.577,30,0,0,0,30,0,0,0,30,0,0,0,30,0,0,0,30,0,0,0,30,0.239321,0.565524,7.17963,30,0,0,0,30,0,0,0,NA,NA,NA,NA,NA,NA,NA,NA
"92",2005,46111,40,0,0,0,40,0,0,0,40,0,0,0,40,2.93289,3.91979,117.316,40,1.47407,3.02133,58.9629,40,0,0,0,40,0,0,0,40,0,0,0,40,0,0,0,40,0,0,0,40,0.806445,0.923403,32.2578,40,1.8585,3.55159,74.34,40,0,0,0,NA,NA,NA,NA,NA,NA,NA,NA
"93",2005,46079,44,0,0,0,44,0,0,0,44,0,0,0,44,0.663753,2.09897,29.2051,44,3.5626,2.56585,156.754,44,0,0,0,44,0,0,0,44,0,0,0,44,0,0,0,44,0,0,0,44,0.468478,0.561074,20.613,44,14.9979,2.9754,659.908,44,0,0,0,NA,NA,NA,NA,NA,NA,NA,NA
"94",2005,46097,40,0,0,0,40,0,0,0,40,0,0,0,40,3.95061,4.84003,158.024,40,0.0765105,0.166123,3.06042,40,0,0,0,40,0,0,0,40,0,0,0,40,0,0,0,40,0,0,0,40,1.36515,1.19708,54.6062,40,8.88807,4.18712,355.523,40,0,0,0,NA,NA,NA,NA,NA,NA,NA,NA
"95",2005,46075,63,0,0,0,63,0,0,0,63,0,0,0,63,0,0,0,63,0.377143,0.796021,23.76,63,0.681905,0.657293,42.96,63,0,0,0,63,0,0,0,63,1.72476,1.97548,108.66,63,0,0,0,63,0.178095,0.390307,11.22,63,3.32762,2.68972,209.64,63,0,0,0,NA,NA,NA,NA,NA,NA,NA,NA
"96",2005,46071,133,0,0,0,133,0,0,0,133,0,0,0,133,0.506831,1.47856,67.4086,133,0.809774,0.843365,107.7,133,0,0,0,133,0,0,0,133,0,0,0,133,0,0,0,133,0,0,0,133,0.0735338,0.134791,9.78,133,0.685065,1.28972,91.1136,133,0.150612,0.47729,20.0314,NA,NA,NA,NA,NA,NA,NA,NA
"97",2005,46003,50,0,0,0,50,0,0,0,50,0,0,0,50,0,0,0,50,1.1052,2.04842,55.26,50,0,0,0,50,0,0,0,50,0,0,0,50,0,0,0,50,0,0,0,50,0.1944,0.2592,9.72,50,0,0,0,50,0,0,0,NA,NA,NA,NA,NA,NA,NA,NA
"98",2005,46015,56,0,0,0,56,0,0,0,56,0,0,0,56,0.891429,3.21409,49.92,56,8.28181,3.57622,463.781,56,0,0,0,56,0,0,0,56,0,0,0,56,0,0,0,56,0,0,0,56,0.106071,0.21454,5.94,56,0,0,0,56,0,0,0,NA,NA,NA,NA,NA,NA,NA,NA
"99",2005,46095,93,0,0,0,93,0,0,0,93,0,0,0,93,1.60669,2.88526,149.422,93,0.0445161,0.243825,4.14,93,0.0122581,0.117575,1.14,93,0.246923,0.940257,22.9639,93,0,0,0,93,0.0103226,0.0990107,0.96,93,0,0,0,93,0,0,0,93,1.94194,2.07572,180.6,93,0,0,0,NA,NA,NA,NA,NA,NA,NA,NA
"100",2005,46033,107,0,0,0,107,0.0210431,0.0863365,2.25161,107,0.053271,0.240606,5.7,107,0.0372301,0.152749,3.98362,107,0,0,0,107,0,0,0,107,0.10821,0.321339,11.5785,107,0.11169,0.458247,11.9508,107,1.54309,1.58099,165.111,107,3.25404,4.63485,348.182,107,0.385226,0.609074,41.2192,107,0.554032,0.712121,59.2814,107,0.418144,0.873338,44.7414,NA,NA,NA,NA,NA,NA,NA,NA
"101",2005,46035,30,0,0,0,30,0,0,0,30,0,0,0,30,0,0,0,30,0,0,0,30,0,0,0,30,0,0,0,30,0,0,0,30,0,0,0,30,0,0,0,30,0.018,0.096933,0.54,30,0,0,0,30,0,0,0,NA,NA,NA,NA,NA,NA,NA,NA
"102",2005,46061,30,0,0,0,30,0,0,0,30,0,0,0,30,0,0,0,30,0,0,0,30,0,0,0,30,0,0,0,30,0,0,0,30,0,0,0,30,0,0,0,30,1.91106,0.699458,57.3317,30,1.65898,2.03923,49.7695,30,0,0,0,NA,NA,NA,NA,NA,NA,NA,NA
"103",2005,46099,55,0,0,0,55,0,0,0,55,0,0,0,55,0,0,0,55,4.20457,3.87145,231.251,55,0,0,0,55,0,0,0,55,0.826787,2.37476,45.4733,55,0,0,0,55,0,0,0,55,1.36854,0.919483,75.2699,55,4.30219,4.31704,236.621,55,0,0,0,NA,NA,NA,NA,NA,NA,NA,NA
"104",2005,46087,40,0,0,0,40,0,0,0,40,0,0,0,40,0,0,0,40,0.0441487,0.275709,1.76595,40,0,0,0,40,0,0,0,40,0,0,0,40,0,0,0,40,0,0,0,40,2.73596,1.22433,109.438,40,8.94113,3.71335,357.645,40,0,0,0,NA,NA,NA,NA,NA,NA,NA,NA
"105",2005,46123,119,0,0,0,119,0,0,0,119,0,0,0,119,0.110924,0.366218,13.2,119,1.62313,1.52691,193.153,119,0,0,0,119,0,0,0,119,0.354934,1.05986,42.2372,119,0.191902,0.454572,22.8363,119,0,0,0,119,0.955333,1.10096,113.685,119,0.179461,0.535885,21.3559,119,0.608276,1.60167,72.3849,NA,NA,NA,NA,NA,NA,NA,NA
"106",2005,46113,155,0,0,0,155,0,0,0,155,0,0,0,155,0.194356,0.593768,30.1252,155,0.698283,1.90831,108.234,155,0.432025,0.901857,66.9639,155,0.615252,1.23797,95.3641,155,0,0,0,155,0,0,0,155,0,0,0,155,0,0,0,155,0.808312,1.05465,125.288,155,0.0556847,0.132248,8.63112,NA,NA,NA,NA,NA,NA,NA,NA
"107",2005,46083,40,0,0,0,40,0,0,0,40,0,0,0,40,0,0,0,40,1.05097,1.92086,42.0389,40,0.0206018,0.0898013,0.824073,40,0,0,0,40,0.785232,2.77058,31.4093,40,2.73077,2.96978,109.231,40,0,0,0,40,0.229221,0.514517,9.16883,40,0.479872,1.13993,19.1949,40,0,0,0,NA,NA,NA,NA,NA,NA,NA,NA
"108",2005,46023,80,0,0,0,80,0,0,0,80,0,0,0,80,0,0,0,80,1.96708,3.92492,157.366,80,0,0,0,80,0,0,0,80,0,0,0,80,0,0,0,80,0.369122,0.768389,29.5298,80,1.314,1.67409,105.12,80,0.12,0.36,9.6,80,0,0,0,NA,NA,NA,NA,NA,NA,NA,NA
"109",2005,46125,45,0,0,0,45,0,0,0,45,0,0,0,45,0,0,0,45,0.462649,1.17953,20.8192,45,0,0,0,45,0,0,0,45,0,0,0,45,0.803857,1.536,36.1736,45,0,0,0,45,4.63483,2.88005,208.568,45,2.36412,2.68977,106.386,45,0,0,0,NA,NA,NA,NA,NA,NA,NA,NA
"110",2005,46067,58,0,0,0,58,0,0,0,58,0,0,0,58,0,0,0,58,0,0,0,58,0,0,0,58,0,0,0,58,0,0,0,58,1.21931,1.51745,70.7199,58,0,0,0,58,5.15433,1.98798,298.951,58,0.397282,1.06832,23.0423,58,0,0,0,NA,NA,NA,NA,NA,NA,NA,NA
"111",2005,46043,31,0,0,0,31,0,0,0,31,0,0,0,31,0,0,0,31,0,0,0,31,0,0,0,31,0,0,0,31,0,0,0,31,0,0,0,31,1.45659,1.50436,45.1544,31,0.911901,1.49826,28.2689,31,0.0774193,0.294804,2.4,31,0,0,0,NA,NA,NA,NA,NA,NA,NA,NA
"112",2005,46053,71,0,0,0,71,0,0,0,71,0,0,0,71,0,0,0,71,6.26632,3.67877,444.909,71,0,0,0,71,0,0,0,71,0,0,0,71,0.309814,0.552172,21.9968,71,0,0,0,71,0.992574,1.91784,70.4728,71,0,0,0,71,1.11401,1.98547,79.095,NA,NA,NA,NA,NA,NA,NA,NA
"113",2005,46047,126,0,0,0,126,0,0,0,126,0.15,0.408044,18.9,126,0,0,0,126,0.68619,1.25257,86.46,126,0,0,0,126,0,0,0,126,0,0,0,126,0.77474,1.11108,97.6172,126,0,0,0,126,0,0,0,126,0.478822,0.853758,60.3315,126,0,0,0,NA,NA,NA,NA,NA,NA,NA,NA
"114",2005,46007,82,0,0,0,82,0,0,0,82,0,0,0,82,6.20626,9.18163,508.913,82,1.33274,1.57083,109.285,82,0.212122,0.645145,17.394,82,0,0,0,82,0,0,0,82,0,0,0,82,0,0,0,82,0,0,0,82,1.0664,1.14625,87.4447,82,0.189407,0.594932,15.5314,NA,NA,NA,NA,NA,NA,NA,NA
"115",2005,46121,98,0,0,0,98,0,0,0,98,0,0,0,98,3.03567,3.36106,297.495,98,0.834803,1.63484,81.8107,98,0,0,0,98,0.515014,1.07067,50.4714,98,0.17958,0.774487,17.5988,98,0.227622,0.449518,22.307,98,0,0,0,98,0.00979592,0.0678681,0.96,98,0.516784,0.87237,50.6448,98,0.690209,1.36305,67.6405,NA,NA,NA,NA,NA,NA,NA,NA
"116",2005,46135,42,0,0,0,42,0,0,0,42,0,0,0,42,0,0,0,42,0,0,0,42,0.0642857,0.174876,2.7,42,0,0,0,42,0,0,0,42,1.88992,2.67326,79.3765,42,0,0,0,42,4.56231,1.41133,191.617,42,1.42418,2.36434,59.8154,42,0.221429,0.602351,9.3,NA,NA,NA,NA,NA,NA,NA,NA
"117",2005,46009,42,0,0,0,42,0,0,0,42,0,0,0,42,0,0,0,42,0,0,0,42,0.0385714,0.139071,1.62,42,0,0,0,42,0,0,0,42,0.485714,0.743176,20.4,42,0,0,0,42,4.18857,1.23146,175.92,42,0.0857143,0.309047,3.6,42,0.222857,0.485025,9.36,NA,NA,NA,NA,NA,NA,NA,NA
"118",2005,46127,32,0,0,0,32,0,0,0,32,0,0,0,32,0,0,0,32,0,0,0,32,0,0,0,32,0,0,0,32,2.70563,3.18302,86.58,32,2.31375,2.9476,74.04,32,0,0,0,32,1.78688,1.2275,57.18,32,0,0,0,32,0,0,0,NA,NA,NA,NA,NA,NA,NA,NA
"119",2005,46027,32,0,0,0,32,0,0,0,32,0,0,0,32,0,0,0,32,0,0,0,32,0,0,0,32,0,0,0,32,0.585,0.755232,18.72,32,6.38836,2.30552,204.428,32,0,0,0,32,2.9147,1.31445,93.2704,32,0.910386,2.40865,29.1323,32,0,0,0,NA,NA,NA,NA,NA,NA,NA,NA
"120",2005,31165,145,0,0,0,145,0,0,0,145,0.25017,0.551608,36.2747,145,0.162954,0.459854,23.6284,145,0.0876303,0.185213,12.7064,145,0,0,0,145,0,0,0,145,0,0,0,145,0.377794,0.615896,54.7801,145,0,0,0,145,0.0186207,0.0985314,2.7,145,1.11964,1.08035,162.348,145,0,0,0,NA,NA,NA,NA,NA,NA,NA,NA
"121",2005,31161,186,0,0,0,186,0,0,0,186,0,0,0,186,0.194807,0.561232,36.234,186,0.250708,0.610167,46.6316,186,0,0,0,186,0.162871,0.469227,30.294,186,0,0,0,186,0,0,0,186,0,0,0,186,0,0,0,186,0.812707,1.11049,151.163,186,0.0499965,0.320923,9.29936,NA,NA,NA,NA,NA,NA,NA,NA
"122",2005,31045,100,0,0,0,100,0,0,0,100,0,0,0,100,0,0,0,100,0.266837,0.569576,26.6837,100,0.409896,0.975748,40.9896,100,0,0,0,100,0,0,0,100,0,0,0,100,0,0,0,100,0.0286944,0.163163,2.86944,100,3.17311,2.04792,317.311,100,0,0,0,NA,NA,NA,NA,NA,NA,NA,NA
"123",2005,31015,39,0,0,0,39,0,0,0,39,0,0,0,39,0,0,0,39,7.86383,3.17257,306.689,39,0,0,0,39,0,0,0,39,0,0,0,39,0,0,0,39,0,0,0,39,0.461477,0.688294,17.9976,39,0.365501,0.382733,14.2545,39,0,0,0,NA,NA,NA,NA,NA,NA,NA,NA
"124",2005,31103,55,0,0,0,55,0,0,0,55,0,0,0,55,0,0,0,55,2.25501,2.11807,124.025,55,0,0,0,55,0,0,0,55,0,0,0,55,0,0,0,55,0,0,0,55,0.240686,0.455611,13.2377,55,0.468233,0.878955,25.7528,55,0.494382,0.93585,27.191,NA,NA,NA,NA,NA,NA,NA,NA
"125",2005,31031,432,0.0311111,0.118175,13.44,432,0,0,0,432,0,0,0,432,0.52446,1.63556,226.567,432,0.261979,0.645869,113.175,432,0,0,0,432,0,0,0,432,0,0,0,432,0,0,0,432,0,0,0,432,0.312444,0.7838,134.976,432,0.568036,1.18005,245.392,432,0,0,0,NA,NA,NA,NA,NA,NA,NA,NA
"126",2005,31089,170,0,0,0,170,0,0,0,170,0,0,0,170,0,0,0,170,5.65966,3.366,962.142,170,0.200254,0.84698,34.0432,170,0,0,0,170,0.435034,0.766206,73.9558,170,0.649238,1.46657,110.37,170,0.292974,0.941778,49.8055,170,1.78647,2.27398,303.7,170,2.06462,1.71173,350.985,170,0.539498,1.16835,91.7146,NA,NA,NA,NA,NA,NA,NA,NA
"127",2005,31107,83,0,0,0,83,0,0,0,83,0,0,0,83,0,0,0,83,2.09663,2.23237,174.02,83,0.275053,0.955573,22.8294,83,0,0,0,83,0.131813,0.522779,10.9405,83,2.00421,1.89018,166.349,83,0.792456,1.47149,65.7738,83,2.01482,1.67438,167.23,83,0.0989759,0.36428,8.215,83,2.07204,2.93692,171.979,NA,NA,NA,NA,NA,NA,NA,NA
"128",2005,31027,50,0,0,0,50,0,0,0,50,0,0,0,50,0,0,0,50,0,0,0,50,0,0,0,50,0,0,0,50,0,0,0,50,7.42242,2.97547,371.121,50,0,0,0,50,1.0608,1.39703,53.04,50,0.204,0.408,10.2,50,2.48913,3.32549,124.456,NA,NA,NA,NA,NA,NA,NA,NA
"129",2005,31017,91,0,0,0,91,0,0,0,91,0,0,0,91,0,0,0,91,0.713747,1.4047,64.951,91,0.169222,0.545069,15.3992,91,0,0,0,91,0,0,0,91,0.0960451,0.309364,8.74011,91,0.0800376,0.257803,7.28342,91,0.194747,0.43836,17.7219,91,0,0,0,91,0.212671,0.68502,19.3531,NA,NA,NA,NA,NA,NA,NA,NA
"130",2005,31149,71,0,0,0,71,0,0,0,71,0,0,0,71,0,0,0,71,3.0906,2.11147,219.433,71,0.376718,0.938156,26.747,71,0,0,0,71,0,0,0,71,0.1231,0.345449,8.74011,71,0.102583,0.287874,7.28342,71,0.0508452,0.147711,3.61001,71,0.558163,0.806501,39.6296,71,0.990101,1.65083,70.2971,NA,NA,NA,NA,NA,NA,NA,NA
"131",2005,31051,37,0,0,0,37,0,0,0,37,0,0,0,37,0,0,0,37,0,0,0,37,0.36973,1.06197,13.68,37,0,0,0,37,0.0421622,0.252973,1.56,37,1.92811,1.76513,71.34,37,0,0,0,37,2.21027,2.14801,81.78,37,0.0551351,0.230647,2.04,37,0,0,0,NA,NA,NA,NA,NA,NA,NA,NA
"132",2005,31043,16,0,0,0,16,0,0,0,16,0,0,0,16,0,0,0,16,0,0,0,16,3.86197,1.91986,61.7916,16,0,0,0,16,1.01357,1.50336,16.2171,16,0,0,0,16,0,0,0,16,0.33,0.873098,5.28,16,0,0,0,16,0,0,0,NA,NA,NA,NA,NA,NA,NA,NA
"133",2005,31139,41,0,0,0,41,0,0,0,41,0,0,0,41,0,0,0,41,2.02289,2.85218,82.9387,41,3.28057,2.57614,134.503,41,0,0,0,41,0.612984,1.01231,25.1324,41,5.51614,2.19507,226.162,41,0.412179,0.680692,16.8993,41,1.08858,1.79772,44.6316,41,0.13261,0.403316,5.43699,41,4.52944,4.4233,185.707,NA,NA,NA,NA,NA,NA,NA,NA
"134",2005,31013,78,0,0,0,78,0,0,0,78,0,0,0,78,0,0,0,78,0.190589,0.229362,14.8659,78,0,0,0,78,0,0,0,78,0,0,0,78,0,0,0,78,0,0,0,78,0.147151,0.345099,11.4778,78,0.811418,0.863092,63.2906,78,0.0318153,0.279178,2.48159,NA,NA,NA,NA,NA,NA,NA,NA
"135",2005,31003,65,0,0,0,65,0,0,0,65,0,0,0,65,0,0,0,65,2.36494,3.22854,153.721,65,1.24289,2.35469,80.788,65,0,0,0,65,0.11086,0.432922,7.2059,65,1.96393,1.57967,127.656,65,0.6031,1.08446,39.2015,65,0.360032,0.756639,23.4021,65,0.409608,0.646421,26.6245,65,2.3335,3.45728,151.678,NA,NA,NA,NA,NA,NA,NA,NA
"136",2005,31179,33,0,0,0,33,0,0,0,33,0,0,0,33,0,0,0,33,0,0,0,33,0.62,0.876812,20.46,33,0,0,0,33,0,0,0,33,3.41656,2.36131,112.747,33,0,0,0,33,0.552727,0.977093,18.24,33,0.247273,0.437121,8.16,33,0.522457,2.05692,17.2411,NA,NA,NA,NA,NA,NA,NA,NA
"137",2005,31173,28,0,0,0,28,0,0,0,28,0,0,0,28,0,0,0,28,0,0,0,28,3.55714,4.77241,99.6,28,0,0,0,28,0.15,0.201246,4.2,28,0.015,0.0779423,0.42,28,0,0,0,28,0,0,0,28,0,0,0,28,0,0,0,NA,NA,NA,NA,NA,NA,NA,NA
"138",2005,31075,47,0,0,0,47,0,0,0,47,0,0,0,47,0,0,0,47,0,0,0,47,0,0,0,47,0,0,0,47,0,0,0,47,0,0,0,47,0,0,0,47,0.00947519,0.0362872,0.445334,47,0,0,0,47,0,0,0,NA,NA,NA,NA,NA,NA,NA,NA
"139",2005,31091,48,0,0,0,48,0,0,0,48,0,0,0,48,0,0,0,48,0,0,0,48,0,0,0,48,0,0,0,48,0,0,0,48,0,0,0,48,0,0,0,48,0,0,0,48,0,0,0,48,0,0,0,NA,NA,NA,NA,NA,NA,NA,NA
"140",2005,31039,38,0,0,0,38,0,0,0,38,0,0,0,38,0,0,0,38,0.205263,0.343471,7.8,38,0,0,0,38,0,0,0,38,0,0,0,38,0,0,0,38,0,0,0,38,0,0,0,38,0,0,0,38,0,0,0,NA,NA,NA,NA,NA,NA,NA,NA
"141",2005,31119,36,0,0,0,36,0,0,0,36,0,0,0,36,0,0,0,36,0.0233333,0.0962058,0.84,36,3.4,3.96858,122.4,36,0,0,0,36,0,0,0,36,3.41,2.0224,122.76,36,0,0,0,36,0,0,0,36,0,0,0,36,0,0,0,NA,NA,NA,NA,NA,NA,NA,NA
"142",2005,31167,30,0,0,0,30,0,0,0,30,0,0,0,30,0,0,0,30,0,0,0,30,2.682,4.06391,80.46,30,0,0,0,30,0,0,0,30,1.214,1.54801,36.42,30,0,0,0,30,0,0,0,30,0,0,0,30,0,0,0,NA,NA,NA,NA,NA,NA,NA,NA
"143",2005,31171,48,0,0,0,48,0,0,0,48,0,0,0,48,0,0,0,48,0,0,0,48,0,0,0,48,0,0,0,48,0,0,0,48,0,0,0,48,0,0,0,48,0.366672,0.998342,17.6002,48,0,0,0,48,0,0,0,NA,NA,NA,NA,NA,NA,NA,NA
"144",2005,31183,36,0,0,0,36,0,0,0,36,0,0,0,36,0,0,0,36,0.045,0.149248,1.62,36,0,0,0,36,0,0,0,36,0,0,0,36,0,0,0,36,0,0,0,36,0,0,0,36,2.40833,1.27884,86.7,36,1.83333,1.63978,66,NA,NA,NA,NA,NA,NA,NA,NA
"145",2005,31009,51,0,0,0,51,0,0,0,51,0,0,0,51,0,0,0,51,0.0923179,0.652786,4.70821,51,0.317743,0.454853,16.2049,51,0,0,0,51,0,0,0,51,0.0214218,0.151475,1.09251,51,0.0178515,0.126229,0.910428,51,0.0705882,0.499134,3.6,51,0,0,0,51,0.506258,1.28369,25.8191,NA,NA,NA,NA,NA,NA,NA,NA
"146",2005,31115,37,0,0,0,37,0,0,0,37,0,0,0,37,0,0,0,37,2.50367,2.05722,92.6359,37,1.01788,1.17049,37.6614,37,0,0,0,37,0,0,0,37,0.0885822,0.298212,3.27754,37,0.558898,0.648472,20.6792,37,0,0,0,37,0.433664,0.790645,16.0456,37,1.83539,1.50749,67.9095,NA,NA,NA,NA,NA,NA,NA,NA
"147",2005,31071,36,0,0,0,36,0,0,0,36,0,0,0,36,0,0,0,36,0.543472,0.771185,19.565,36,0.630429,1.40968,22.6955,36,0,0,0,36,0,0,0,36,0,0,0,36,0.68,0.961665,24.48,36,0,0,0,36,3.63245,1.55508,130.768,36,0,0,0,NA,NA,NA,NA,NA,NA,NA,NA
"148",2005,31021,33,0,0,0,33,0,0,0,33,0,0,0,33,0,0,0,33,5.223,2.58696,172.359,33,1.25692,2.39306,41.4785,33,0,0,0,33,2.9724,2.55454,98.0892,33,0,0,0,33,0,0,0,33,0,0,0,33,0,0,0,33,0,0,0,NA,NA,NA,NA,NA,NA,NA,NA
"149",2005,31069,125,0.190873,0.512032,23.8591,125,0,0,0,125,0,0,0,125,0,0,0,125,0,0,0,125,0,0,0,125,0,0,0,125,0,0,0,125,0.0251286,0.0852152,3.14107,125,0,0,0,125,0,0,0,125,0.271944,0.717737,33.9929,125,0.506147,0.956793,63.2683,NA,NA,NA,NA,NA,NA,NA,NA
"150",2005,31123,98,0.232558,0.672349,22.7907,98,0,0,0,98,0.06,0.216333,5.88,98,0,0,0,98,0.129853,0.205632,12.7256,98,0,0,0,98,0,0,0,98,0,0,0,98,0.079353,0.139401,7.77659,98,0,0,0,98,0,0,0,98,0.604575,1.00565,59.2484,98,0.719928,1.13884,70.5529,NA,NA,NA,NA,NA,NA,NA,NA
"151",2005,31157,55,0,0,0,55,0,0,0,55,0,0,0,55,0.727636,0.718822,40.02,55,0.174545,0.230902,9.6,55,0,0,0,55,0,0,0,55,0,0,0,55,0.0109091,0.0344976,0.6,55,0,0,0,55,0.0436364,0.13799,2.4,55,0.349091,0.740534,19.2,55,0,0,0,NA,NA,NA,NA,NA,NA,NA,NA
"152",2005,31011,46,0,0,0,46,0,0,0,46,0,0,0,46,0,0,0,46,0,0,0,46,0,0,0,46,0,0,0,46,0,0,0,46,1.41391,1.41349,65.04,46,0,0,0,46,0,0,0,46,1.58609,1.48071,72.96,46,0,0,0,NA,NA,NA,NA,NA,NA,NA,NA
"153",2005,31037,31,0,0,0,31,0,0,0,31,0,0,0,31,0.452903,0.924485,14.04,31,0.205161,0.388179,6.36,31,0,0,0,31,0,0,0,31,0,0,0,31,0,0,0,31,0,0,0,31,0,0,0,31,0,0,0,31,0,0,0,NA,NA,NA,NA,NA,NA,NA,NA
"154",2005,31141,50,0,0,0,50,0,0,0,50,0,0,0,50,0,0,0,50,0,0,0,50,3.93987,2.73122,196.993,50,0,0,0,50,1.581,2.108,79.05,50,2.25598,2.11621,112.799,50,0,0,0,50,0,0,0,50,0.2304,0.781324,11.52,50,0,0,0,NA,NA,NA,NA,NA,NA,NA,NA
"155",2005,31053,34,0,0,0,34,0,0,0,34,0,0,0,34,0.550588,0.992587,18.72,34,5.36294,3.15365,182.34,34,0,0,0,34,0,0,0,34,0,0,0,34,0,0,0,34,0,0,0,34,0,0,0,34,0,0,0,34,0,0,0,NA,NA,NA,NA,NA,NA,NA,NA
"156",2005,31117,54,0,0,0,54,0,0,0,54,0,0,0,54,0,0,0,54,0,0,0,54,0,0,0,54,0,0,0,54,0,0,0,54,0,0,0,54,0,0,0,54,0,0,0,54,0,0,0,54,0,0,0,NA,NA,NA,NA,NA,NA,NA,NA
"157",2005,31005,48,0,0,0,48,0,0,0,48,0,0,0,48,0,0,0,48,0,0,0,48,0,0,0,48,0.0468503,0.113474,2.24881,48,0,0,0,48,0.042299,0.163823,2.03035,48,0,0,0,48,0.402979,0.790317,19.343,48,0.561543,0.749701,26.9541,48,0,0,0,NA,NA,NA,NA,NA,NA,NA,NA
"158",2005,31077,43,0,0,0,43,0,0,0,43,0,0,0,43,0,0,0,43,0.206512,0.301059,8.88,43,0,0,0,43,0,0,0,43,0,0,0,43,0,0,0,43,0,0,0,43,0.837209,0.897807,36,43,1.00326,0.587069,43.14,43,0,0,0,NA,NA,NA,NA,NA,NA,NA,NA
"159",2005,31041,184,0,0,0,184,0,0,0,184,0,0,0,184,0,0,0,184,0.118795,0.288132,21.8583,184,0.634669,1.26716,116.779,184,0.719281,1.32272,132.348,184,0.80058,1.23986,147.307,184,0.813888,1.20174,149.755,184,0.259186,0.47858,47.6902,184,0.0869111,0.248875,15.9916,184,0.0419875,0.1891,7.72569,184,1.76655,1.50358,325.046,NA,NA,NA,NA,NA,NA,NA,NA
"160",2005,31113,42,0,0,0,42,0,0,0,42,0,0,0,42,0,0,0,42,0,0,0,42,0,0,0,42,0.354286,0.730379,14.88,42,0,0,0,42,0,0,0,42,0,0,0,42,0,0,0,42,0,0,0,42,0,0,0,NA,NA,NA,NA,NA,NA,NA,NA
"161",2005,31175,42,0,0,0,42,0,0,0,42,0,0,0,42,0,0,0,42,0.12,0.293939,5.04,42,0.306015,0.410562,12.8526,42,0,0,0,42,0,0,0,42,0,0,0,42,0,0,0,42,0,0,0,42,1.80687,1.03935,75.8885,42,2.41212,3.23619,101.309,NA,NA,NA,NA,NA,NA,NA,NA
"162",2005,31007,55,0,0,0,55,0,0,0,55,0,0,0,55,1.60171,1.53644,88.0941,55,0.0981663,0.155403,5.39915,55,0,0,0,55,0,0,0,55,0,0,0,55,0,0,0,55,0,0,0,55,0.0567273,0.202557,3.12,55,0,0,0,55,0,0,0,NA,NA,NA,NA,NA,NA,NA,NA
"163",2005,31177,29,0,0,0,29,0,0,0,29,0,0,0,29,0,0,0,29,8.81594,1.45428,255.662,29,0,0,0,29,0,0,0,29,3.3189,4.94752,96.2481,29,0,0,0,29,0,0,0,29,0,0,0,29,0,0,0,29,0,0,0,NA,NA,NA,NA,NA,NA,NA,NA
"164",2005,31125,35,0,0,0,35,0,0,0,35,0,0,0,35,0,0,0,35,0,0,0,35,0.152688,0.890315,5.34407,35,0,0,0,35,0.125476,0.731645,4.39167,35,0.349332,0.946627,12.2266,35,0,0,0,35,0,0,0,35,0.164571,0.668492,5.76,35,0,0,0,NA,NA,NA,NA,NA,NA,NA,NA
"165",2005,31023,42,0,0,0,42,2.46,2.72531,103.32,42,0,0,0,42,0,0,0,42,0.254286,0.465828,10.68,42,0,0,0,42,0,0,0,42,0,0,0,42,0.587143,1.26919,24.66,42,0,0,0,42,0,0,0,42,0,0,0,42,0,0,0,NA,NA,NA,NA,NA,NA,NA,NA
"166",2005,31155,53,0,0,0,53,0.626038,1.60484,33.18,53,0,0,0,53,0,0,0,53,4.20113,2.30473,222.66,53,0,0,0,53,0,0,0,53,0,0,0,53,0,0,0,53,0,0,0,53,0,0,0,53,0,0,0,53,0,0,0,NA,NA,NA,NA,NA,NA,NA,NA
"167",2005,31033,90,0.507642,1.05204,45.6878,90,0,0,0,90,0.121333,0.295293,10.92,90,0,0,0,90,0,0,0,90,0,0,0,90,0,0,0,90,0,0,0,90,0,0,0,90,0,0,0,90,0,0,0,90,0,0,0,90,0,0,0,NA,NA,NA,NA,NA,NA,NA,NA
"168",2005,31101,88,0.0532074,0.216783,4.68225,88,0,0,0,88,0,0,0,88,0,0,0,88,0,0,0,88,0.224901,0.285189,19.7913,88,0.0766641,0.137058,6.74644,88,0.253709,0.31262,22.3264,88,0.0692165,0.20507,6.09105,88,0,0,0,88,1.53861,1.48458,135.398,88,0.162455,0.479428,14.2961,88,0,0,0,NA,NA,NA,NA,NA,NA,NA,NA
"169",2005,31111,182,0,0,0,182,0.0045309,0.0349986,0.824624,182,0,0,0,182,1.13687,2.89754,206.911,182,0.225661,0.389691,41.0702,182,0,0,0,182,0.122637,0.46159,22.32,182,0,0,0,182,0,0,0,182,0.396181,0.805358,72.105,182,0,0,0,182,0,0,0,182,0,0,0,NA,NA,NA,NA,NA,NA,NA,NA
"170",2005,31143,30,0,0,0,30,0,0,0,30,0,0,0,30,0.516,1.548,15.48,30,0,0,0,30,0,0,0,30,0,0,0,30,0,0,0,30,1.2,1.42896,36,30,0,0,0,30,0,0,0,30,0,0,0,30,0,0,0,NA,NA,NA,NA,NA,NA,NA,NA
"171",2005,31105,64,0,0,0,64,0,0,0,64,0,0,0,64,0.165937,0.238057,10.62,64,0,0,0,64,0,0,0,64,0,0,0,64,0,0,0,64,0,0,0,64,0,0,0,64,0,0,0,64,0,0,0,64,0,0,0,NA,NA,NA,NA,NA,NA,NA,NA
"172",2005,31121,36,0,0,0,36,0,0,0,36,0,0,0,36,0.86,1.92302,30.96,36,0,0,0,36,0,0,0,36,0,0,0,36,0,0,0,36,0.16,0.452548,5.76,36,0,0,0,36,0,0,0,36,0,0,0,36,0,0,0,NA,NA,NA,NA,NA,NA,NA,NA
"173",2005,31093,43,0,0,0,43,0,0,0,43,0,0,0,43,0,0,0,43,0.0195349,0.126601,0.84,43,0,0,0,43,0,0,0,43,0,0,0,43,0,0,0,43,0,0,0,43,0,0,0,43,0.431163,0.800422,18.54,43,0,0,0,NA,NA,NA,NA,NA,NA,NA,NA
"174",2005,31163,35,0,0,0,35,0,0,0,35,0,0,0,35,0,0,0,35,0.442286,0.331775,15.48,35,0,0,0,35,1.056,1.94,36.96,35,0,0,0,35,0,0,0,35,0,0,0,35,0,0,0,35,1.16571,0.871289,40.8,35,0,0,0,NA,NA,NA,NA,NA,NA,NA,NA
"175",2005,31055,22,0,0,0,22,0,0,0,22,0,0,0,22,0,0,0,22,7.16562,2.43938,157.644,22,0,0,0,22,0,0,0,22,0,0,0,22,0,0,0,22,0,0,0,22,0,0,0,22,0,0,0,22,0,0,0,NA,NA,NA,NA,NA,NA,NA,NA
"176",2005,31049,32,1.75957,0.756855,56.3063,32,0,0,0,32,0,0,0,32,0,0,0,32,0,0,0,32,0,0,0,32,0,0,0,32,0,0,0,32,0,0,0,32,0,0,0,32,0,0,0,32,0,0,0,32,0,0,0,NA,NA,NA,NA,NA,NA,NA,NA
"177",2005,31153,19,0,0,0,19,0,0,0,19,0,0,0,19,0,0,0,19,3.43584,0.949471,65.281,19,0,0,0,19,0,0,0,19,0,0,0,19,0,0,0,19,0,0,0,19,0,0,0,19,0,0,0,19,0,0,0,NA,NA,NA,NA,NA,NA,NA,NA
"178",2005,31081,43,0,0,0,43,0,0,0,43,0,0,0,43,0.72,1.78796,30.96,43,0,0,0,43,0,0,0,43,0,0,0,43,0,0,0,43,0,0,0,43,0,0,0,43,0,0,0,43,0,0,0,43,0,0,0,NA,NA,NA,NA,NA,NA,NA,NA
"179",2005,31025,42,0,0,0,42,0,0,0,42,0,0,0,42,0,0,0,42,1.0967,0.981241,46.0613,42,0,0,0,42,0,0,0,42,0,0,0,42,0,0,0,42,0,0,0,42,0,0,0,42,0,0,0,42,0,0,0,NA,NA,NA,NA,NA,NA,NA,NA
"180",2005,31185,42,0,0,0,42,0,0,0,42,0,0,0,42,0.122857,0.78667,5.16,42,0,0,0,42,0,0,0,42,0,0,0,42,0,0,0,42,0.305714,0.741097,12.84,42,0,0,0,42,0,0,0,42,0,0,0,42,0,0,0,NA,NA,NA,NA,NA,NA,NA,NA
"181",2005,31079,36,0,0,0,36,0,0,0,36,0,0,0,36,0,0,0,36,0,0,0,36,0,0,0,36,0,0,0,36,0,0,0,36,0,0,0,36,0,0,0,36,0,0,0,36,0,0,0,36,0,0,0,NA,NA,NA,NA,NA,NA,NA,NA
"182",2005,31047,80,0,0,0,80,0,0,0,80,0,0,0,80,0.0701673,0.376873,5.61338,80,0.11475,0.220901,9.18,80,0,0,0,80,0.599623,0.84192,47.9699,80,0.860912,1.15286,68.8729,80,0.345989,0.565433,27.6791,80,0.226977,0.383143,18.1582,80,0.212255,0.353567,16.9804,80,0.2295,0.441803,18.36,80,0.796794,1.21909,63.7435,NA,NA,NA,NA,NA,NA,NA,NA
"183",2005,31019,63,0,0,0,63,0,0,0,63,0,0,0,63,0.101956,0.563069,6.42322,63,0.0380952,0.146308,2.4,63,0,0,0,63,0.540855,1.12506,34.0739,63,0.330741,0.761423,20.8367,63,0,0,0,63,0,0,0,63,0,0,0,63,0.0780952,0.224406,4.92,63,0.126796,0.700256,7.98818,NA,NA,NA,NA,NA,NA,NA,NA
"184",2005,31159,42,0,0,0,42,0.637143,1.74177,26.76,42,0,0,0,42,0,0,0,42,0.0428571,0.191663,1.8,42,0,0,0,42,0,0,0,42,0,0,0,42,0.277143,0.740766,11.64,42,0,0,0,42,0,0,0,42,0,0,0,42,0,0,0,NA,NA,NA,NA,NA,NA,NA,NA
"185",2005,31109,57,0,0,0,57,0.0831579,0.622297,4.74,57,0,0,0,57,0,0,0,57,0.292632,0.895608,16.68,57,0,0,0,57,0,0,0,57,0,0,0,57,0,0,0,57,0,0,0,57,0,0,0,57,0,0,0,57,0,0,0,NA,NA,NA,NA,NA,NA,NA,NA
"186",2005,31135,55,0,0,0,55,0,0,0,55,0.381771,0.983415,20.9974,55,0,0,0,55,0,0,0,55,0,0,0,55,0,0,0,55,0,0,0,55,0,0,0,55,0,0,0,55,0.821952,0.742188,45.2074,55,0,0,0,55,0,0,0,NA,NA,NA,NA,NA,NA,NA,NA
"187",2005,31131,44,0,0,0,44,0,0,0,44,0,0,0,44,0,0,0,44,1.06236,0.496588,46.7439,44,0.0954546,0.176009,4.2,44,0,0,0,44,0,0,0,44,0,0,0,44,0,0,0,44,0,0,0,44,0,0,0,44,0,0,0,NA,NA,NA,NA,NA,NA,NA,NA
"188",2005,31063,73,0,0,0,73,0,0,0,73,0,0,0,73,3.25175,4.22378,237.378,73,0,0,0,73,0.890137,1.62202,64.98,73,0,0,0,73,0,0,0,73,0,0,0,73,0,0,0,73,0.0526027,0.0992855,3.84,73,0,0,0,73,0,0,0,NA,NA,NA,NA,NA,NA,NA,NA
"189",2005,31001,48,0,0,0,48,0,0,0,48,0,0,0,48,0,0,0,48,0,0,0,48,0,0,0,48,0,0,0,48,0,0,0,48,0,0,0,48,0,0,0,48,0,0,0,48,0,0,0,48,0,0,0,NA,NA,NA,NA,NA,NA,NA,NA
"190",2005,31073,32,0,0,0,32,0,0,0,32,0,0,0,32,0.467054,0.447021,14.9457,32,0,0,0,32,0.678104,1.04571,21.6993,32,0.468771,0.811934,15.0007,32,0.944683,0.857535,30.2299,32,0.374239,0.555086,11.9756,32,0,0,0,32,0.506762,0.577358,16.2164,32,0.261087,0.452217,8.3548,32,0,0,0,NA,NA,NA,NA,NA,NA,NA,NA
"191",2005,31085,56,0,0,0,56,0.0589017,0.112788,3.2985,56,0.249429,0.899329,13.968,56,2.98043,5.70709,166.904,56,0.265058,0.507547,14.8432,56,0,0,0,56,0,0,0,56,0,0,0,56,0,0,0,56,0.09,0.224786,5.04,56,0.0623573,0.224832,3.49201,56,0,0,0,56,0,0,0,NA,NA,NA,NA,NA,NA,NA,NA
"192",2005,31029,70,0,0,0,70,0,0,0,70,0.599894,1.31886,41.9926,70,0,0,0,70,0,0,0,70,0,0,0,70,0,0,0,70,0,0,0,70,0,0,0,70,0.246857,0.419576,17.28,70,0.416196,0.624501,29.1337,70,0,0,0,70,0,0,0,NA,NA,NA,NA,NA,NA,NA,NA
"193",2005,31059,42,0,0,0,42,0,0,0,42,0,0,0,42,0,0,0,42,0,0,0,42,1.55143,2.09827,65.16,42,0,0,0,42,0,0,0,42,0,0,0,42,0,0,0,42,0,0,0,42,0,0,0,42,0,0,0,NA,NA,NA,NA,NA,NA,NA,NA
"194",2005,31151,43,0,0,0,43,0,0,0,43,0,0,0,43,0,0,0,43,0,0,0,43,1.44419,2.14863,62.1,43,0,0,0,43,0,0,0,43,0,0,0,43,0,0,0,43,0,0,0,43,0,0,0,43,0,0,0,NA,NA,NA,NA,NA,NA,NA,NA
"195",2005,31035,38,0,0,0,38,0,0,0,38,0,0,0,38,0,0,0,38,0,0,0,38,0,0,0,38,0,0,0,38,0,0,0,38,0,0,0,38,0,0,0,38,0,0,0,38,0,0,0,38,0,0,0,NA,NA,NA,NA,NA,NA,NA,NA
"196",2005,31099,36,0,0,0,36,0,0,0,36,0,0,0,36,0,0,0,36,0.546667,1.02272,19.68,36,0,0,0,36,0,0,0,36,0,0,0,36,0,0,0,36,0,0,0,36,0,0,0,36,0,0,0,36,0,0,0,NA,NA,NA,NA,NA,NA,NA,NA
"197",2005,31137,37,0,0,0,37,0,0,0,37,0,0,0,37,0.938808,1.30706,34.7359,37,0.265946,0.763872,9.84,37,0.0752956,0.171149,2.78594,37,0,0,0,37,0,0,0,37,0,0,0,37,0,0,0,37,0,0,0,37,0,0,0,37,0,0,0,NA,NA,NA,NA,NA,NA,NA,NA
"198",2005,31127,30,0,0,0,30,0,0,0,30,0,0,0,30,0,0,0,30,1.08565,0.776529,32.5696,30,2.75713,4.15737,82.714,30,0,0,0,30,0,0,0,30,0,0,0,30,0,0,0,30,0,0,0,30,0,0,0,30,0,0,0,NA,NA,NA,NA,NA,NA,NA,NA
"199",2005,31067,60,0,0,0,60,0,0,0,60,0,0,0,60,0,0,0,60,1.56482,1.13988,93.889,60,0,0,0,60,0,0,0,60,0,0,0,60,0,0,0,60,0,0,0,60,0,0,0,60,0,0,0,60,0,0,0,NA,NA,NA,NA,NA,NA,NA,NA
"200",2005,31097,28,0,0,0,28,0,0,0,28,0,0,0,28,0,0,0,28,1.45118,0.593255,40.633,28,0,0,0,28,0,0,0,28,0,0,0,28,0,0,0,28,0,0,0,28,0,0,0,28,0,0,0,28,0,0,0,NA,NA,NA,NA,NA,NA,NA,NA
"201",2005,31181,36,0,0,0,36,0,0,0,36,0,0,0,36,0,0,0,36,0,0,0,36,0,0,0,36,0,0,0,36,0,0,0,36,0,0,0,36,0,0,0,36,0.163333,0.204749,5.88,36,0,0,0,36,0,0,0,NA,NA,NA,NA,NA,NA,NA,NA
"202",2005,31061,37,0,0,0,37,0,0,0,37,0,0,0,37,0,0,0,37,0.265946,0.763872,9.84,37,0,0,0,37,0,0,0,37,0,0,0,37,0,0,0,37,0,0,0,37,0.0227027,0.0949722,0.84,37,0,0,0,37,0,0,0,NA,NA,NA,NA,NA,NA,NA,NA
"203",2005,31129,45,0,0,0,45,0,0,0,45,0,0,0,45,0,0,0,45,0,0,0,45,0,0,0,45,0,0,0,45,0,0,0,45,0,0,0,45,0,0,0,45,0,0,0,45,0,0,0,45,0,0,0,NA,NA,NA,NA,NA,NA,NA,NA
"204",2005,31057,60,0,0,0,60,0,0,0,60,0,0,0,60,0,0,0,60,0,0,0,60,0,0,0,60,0,0,0,60,0,0,0,60,0,0,0,60,0.271,0.266869,16.26,60,0,0,0,60,0,0,0,60,0,0,0,NA,NA,NA,NA,NA,NA,NA,NA
"205",2005,31065,55,0,0,0,55,0,0,0,55,0,0,0,55,0.151301,0.358805,8.32158,55,0.451679,0.958155,24.8423,55,2.70686,1.71667,148.877,55,0.204554,0.584563,11.2505,55,0.150179,0.429173,8.25986,55,0,0,0,55,0,0,0,55,0.26793,0.366712,14.7362,55,0.113929,0.325579,6.2661,55,0,0,0,NA,NA,NA,NA,NA,NA,NA,NA
"206",2005,31169,42,0,0,0,42,0,0,0,42,0,0,0,42,0,0,0,42,0,0,0,42,1.96,1.92288,82.32,42,0,0,0,42,0,0,0,42,0,0,0,42,0,0,0,42,0,0,0,42,0,0,0,42,0,0,0,NA,NA,NA,NA,NA,NA,NA,NA
"207",2005,31095,39,0,0,0,39,0,0,0,39,0,0,0,39,0,0,0,39,1.15231,1.28694,44.94,39,1.42615,1.51829,55.62,39,0,0,0,39,0,0,0,39,0,0,0,39,0,0,0,39,0,0,0,39,0,0,0,39,0,0,0,NA,NA,NA,NA,NA,NA,NA,NA
"208",2005,31145,48,0,0,0,48,0,0,0,48,0,0,0,48,0,0,0,48,0,0,0,48,1.30125,1.59646,62.46,48,0,0,0,48,0,0,0,48,0,0,0,48,0,0,0,48,0.36875,0.436633,17.7,48,0,0,0,48,0,0,0,NA,NA,NA,NA,NA,NA,NA,NA
"209",2005,31087,48,0,0,0,48,0,0,0,48,0,0,0,48,0,0,0,48,0,0,0,48,0,0,0,48,0,0,0,48,0,0,0,48,0,0,0,48,0.50375,0.68714,24.18,48,0,0,0,48,0,0,0,48,0,0,0,NA,NA,NA,NA,NA,NA,NA,NA
"210",2005,31083,49,0,0,0,49,0,0,0,49,0,0,0,49,0.0303231,0.101707,1.48583,49,1.35433,1.27519,66.3623,49,0.0894619,0.150405,4.38363,49,0,0,0,49,0,0,0,49,0,0,0,49,0,0,0,49,0,0,0,49,0,0,0,49,0,0,0,NA,NA,NA,NA,NA,NA,NA,NA
"211",2005,31133,30,0,0,0,30,0,0,0,30,0.632377,0.67604,18.9713,30,0,0,0,30,2.00111,0.234205,60.0332,30,0,0,0,30,0,0,0,30,0,0,0,30,0,0,0,30,0,0,0,30,0,0,0,30,0,0,0,30,0,0,0,NA,NA,NA,NA,NA,NA,NA,NA
"212",2005,31147,42,0,0,0,42,0,0,0,42,0.514286,0.539387,21.6,42,0,0,0,42,1.09108,0.254905,45.8254,42,6.35352,6.12735,266.848,42,0,0,0,42,0,0,0,42,0,0,0,42,0,0,0,42,0,0,0,42,0,0,0,42,0,0,0,NA,NA,NA,NA,NA,NA,NA,NA
"2757",2006,38079,NA,NA,NA,NA,NA,NA,NA,NA,NA,NA,NA,NA,NA,NA,NA,NA,NA,NA,NA,NA,NA,NA,NA,NA,NA,NA,NA,NA,NA,NA,NA,NA,NA,NA,NA,NA,NA,NA,NA,NA,NA,NA,NA,NA,NA,NA,NA,NA,NA,NA,NA,NA,72,0,0,0,72,0,0,0
"2758",2006,38009,NA,NA,NA,NA,NA,NA,NA,NA,NA,NA,NA,NA,NA,NA,NA,NA,NA,NA,NA,NA,NA,NA,NA,NA,NA,NA,NA,NA,NA,NA,NA,NA,NA,NA,NA,NA,NA,NA,NA,NA,NA,NA,NA,NA,NA,NA,NA,NA,NA,NA,NA,NA,120,0,0,0,120,0,0,0
"2759",2006,38067,NA,NA,NA,NA,NA,NA,NA,NA,NA,NA,NA,NA,NA,NA,NA,NA,NA,NA,NA,NA,NA,NA,NA,NA,NA,NA,NA,NA,NA,NA,NA,NA,NA,NA,NA,NA,NA,NA,NA,NA,NA,NA,NA,NA,NA,NA,NA,NA,NA,NA,NA,NA,85,0,0,0,85,0,0,0
"2760",2006,38095,NA,NA,NA,NA,NA,NA,NA,NA,NA,NA,NA,NA,NA,NA,NA,NA,NA,NA,NA,NA,NA,NA,NA,NA,NA,NA,NA,NA,NA,NA,NA,NA,NA,NA,NA,NA,NA,NA,NA,NA,NA,NA,NA,NA,NA,NA,NA,NA,NA,NA,NA,NA,79,0,0,0,79,0,0,0
"2761",2006,38019,NA,NA,NA,NA,NA,NA,NA,NA,NA,NA,NA,NA,NA,NA,NA,NA,NA,NA,NA,NA,NA,NA,NA,NA,NA,NA,NA,NA,NA,NA,NA,NA,NA,NA,NA,NA,NA,NA,NA,NA,NA,NA,NA,NA,NA,NA,NA,NA,NA,NA,NA,NA,102,0,0,0,102,0,0,0
"2762",2006,38023,NA,NA,NA,NA,NA,NA,NA,NA,NA,NA,NA,NA,NA,NA,NA,NA,NA,NA,NA,NA,NA,NA,NA,NA,NA,NA,NA,NA,NA,NA,NA,NA,NA,NA,NA,NA,NA,NA,NA,NA,NA,NA,NA,NA,NA,NA,NA,NA,NA,NA,NA,NA,88,1.87642,2.23361,165.125,88,0.116108,0.45504,10.2175
"2763",2006,38013,NA,NA,NA,NA,NA,NA,NA,NA,NA,NA,NA,NA,NA,NA,NA,NA,NA,NA,NA,NA,NA,NA,NA,NA,NA,NA,NA,NA,NA,NA,NA,NA,NA,NA,NA,NA,NA,NA,NA,NA,NA,NA,NA,NA,NA,NA,NA,NA,NA,NA,NA,NA,77,1.03111,1.38311,79.3955,77,2.06648,1.25195,159.119
"2764",2006,38075,NA,NA,NA,NA,NA,NA,NA,NA,NA,NA,NA,NA,NA,NA,NA,NA,NA,NA,NA,NA,NA,NA,NA,NA,NA,NA,NA,NA,NA,NA,NA,NA,NA,NA,NA,NA,NA,NA,NA,NA,NA,NA,NA,NA,NA,NA,NA,NA,NA,NA,NA,NA,60,0,0,0,60,0.0269399,0.1008,1.61639
"2765",2006,38101,NA,NA,NA,NA,NA,NA,NA,NA,NA,NA,NA,NA,NA,NA,NA,NA,NA,NA,NA,NA,NA,NA,NA,NA,NA,NA,NA,NA,NA,NA,NA,NA,NA,NA,NA,NA,NA,NA,NA,NA,NA,NA,NA,NA,NA,NA,NA,NA,NA,NA,NA,NA,142,0,0,0,142,0.0845164,0.347672,12.0013
"2766",2006,38105,NA,NA,NA,NA,NA,NA,NA,NA,NA,NA,NA,NA,NA,NA,NA,NA,NA,NA,NA,NA,NA,NA,NA,NA,NA,NA,NA,NA,NA,NA,NA,NA,NA,NA,NA,NA,NA,NA,NA,NA,NA,NA,NA,NA,NA,NA,NA,NA,NA,NA,NA,NA,164,0.364646,1.01877,59.802,164,0.153914,0.589212,25.2419
"2767",2006,38049,NA,NA,NA,NA,NA,NA,NA,NA,NA,NA,NA,NA,NA,NA,NA,NA,NA,NA,NA,NA,NA,NA,NA,NA,NA,NA,NA,NA,NA,NA,NA,NA,NA,NA,NA,NA,NA,NA,NA,NA,NA,NA,NA,NA,NA,NA,NA,NA,NA,NA,NA,NA,139,0,0,0,139,0,0,0
"2768",2006,38061,NA,NA,NA,NA,NA,NA,NA,NA,NA,NA,NA,NA,NA,NA,NA,NA,NA,NA,NA,NA,NA,NA,NA,NA,NA,NA,NA,NA,NA,NA,NA,NA,NA,NA,NA,NA,NA,NA,NA,NA,NA,NA,NA,NA,NA,NA,NA,NA,NA,NA,NA,NA,144,0.233726,0.779869,33.6565,144,0.284633,0.785267,40.9872
"2769",2006,38069,NA,NA,NA,NA,NA,NA,NA,NA,NA,NA,NA,NA,NA,NA,NA,NA,NA,NA,NA,NA,NA,NA,NA,NA,NA,NA,NA,NA,NA,NA,NA,NA,NA,NA,NA,NA,NA,NA,NA,NA,NA,NA,NA,NA,NA,NA,NA,NA,NA,NA,NA,NA,77,0,0,0,77,0,0,0
"2770",2006,38071,NA,NA,NA,NA,NA,NA,NA,NA,NA,NA,NA,NA,NA,NA,NA,NA,NA,NA,NA,NA,NA,NA,NA,NA,NA,NA,NA,NA,NA,NA,NA,NA,NA,NA,NA,NA,NA,NA,NA,NA,NA,NA,NA,NA,NA,NA,NA,NA,NA,NA,NA,NA,90,0,0,0,90,0,0,0
"2771",2006,38099,NA,NA,NA,NA,NA,NA,NA,NA,NA,NA,NA,NA,NA,NA,NA,NA,NA,NA,NA,NA,NA,NA,NA,NA,NA,NA,NA,NA,NA,NA,NA,NA,NA,NA,NA,NA,NA,NA,NA,NA,NA,NA,NA,NA,NA,NA,NA,NA,NA,NA,NA,NA,92,0,0,0,92,0,0,0
"2772",2006,38005,NA,NA,NA,NA,NA,NA,NA,NA,NA,NA,NA,NA,NA,NA,NA,NA,NA,NA,NA,NA,NA,NA,NA,NA,NA,NA,NA,NA,NA,NA,NA,NA,NA,NA,NA,NA,NA,NA,NA,NA,NA,NA,NA,NA,NA,NA,NA,NA,NA,NA,NA,NA,102,0,0,0,102,0,0,0
"2773",2006,38063,NA,NA,NA,NA,NA,NA,NA,NA,NA,NA,NA,NA,NA,NA,NA,NA,NA,NA,NA,NA,NA,NA,NA,NA,NA,NA,NA,NA,NA,NA,NA,NA,NA,NA,NA,NA,NA,NA,NA,NA,NA,NA,NA,NA,NA,NA,NA,NA,NA,NA,NA,NA,73,0,0,0,73,0,0,0
"2774",2006,38035,NA,NA,NA,NA,NA,NA,NA,NA,NA,NA,NA,NA,NA,NA,NA,NA,NA,NA,NA,NA,NA,NA,NA,NA,NA,NA,NA,NA,NA,NA,NA,NA,NA,NA,NA,NA,NA,NA,NA,NA,NA,NA,NA,NA,NA,NA,NA,NA,NA,NA,NA,NA,110,0,0,0,110,0,0,0
"2775",2006,38053,NA,NA,NA,NA,NA,NA,NA,NA,NA,NA,NA,NA,NA,NA,NA,NA,NA,NA,NA,NA,NA,NA,NA,NA,NA,NA,NA,NA,NA,NA,NA,NA,NA,NA,NA,NA,NA,NA,NA,NA,NA,NA,NA,NA,NA,NA,NA,NA,NA,NA,NA,NA,200,0.0188242,0.0661084,3.76484,200,0.330661,0.768085,66.1322
"2776",2006,38055,NA,NA,NA,NA,NA,NA,NA,NA,NA,NA,NA,NA,NA,NA,NA,NA,NA,NA,NA,NA,NA,NA,NA,NA,NA,NA,NA,NA,NA,NA,NA,NA,NA,NA,NA,NA,NA,NA,NA,NA,NA,NA,NA,NA,NA,NA,NA,NA,NA,NA,NA,NA,161,0,0,0,161,0.137587,0.383395,22.1516
"2777",2006,38027,NA,NA,NA,NA,NA,NA,NA,NA,NA,NA,NA,NA,NA,NA,NA,NA,NA,NA,NA,NA,NA,NA,NA,NA,NA,NA,NA,NA,NA,NA,NA,NA,NA,NA,NA,NA,NA,NA,NA,NA,NA,NA,NA,NA,NA,NA,NA,NA,NA,NA,NA,NA,43,0,0,0,43,0,0,0
"2778",2006,38103,NA,NA,NA,NA,NA,NA,NA,NA,NA,NA,NA,NA,NA,NA,NA,NA,NA,NA,NA,NA,NA,NA,NA,NA,NA,NA,NA,NA,NA,NA,NA,NA,NA,NA,NA,NA,NA,NA,NA,NA,NA,NA,NA,NA,NA,NA,NA,NA,NA,NA,NA,NA,87,0,0,0,87,0,0,0
"2779",2006,38083,NA,NA,NA,NA,NA,NA,NA,NA,NA,NA,NA,NA,NA,NA,NA,NA,NA,NA,NA,NA,NA,NA,NA,NA,NA,NA,NA,NA,NA,NA,NA,NA,NA,NA,NA,NA,NA,NA,NA,NA,NA,NA,NA,NA,NA,NA,NA,NA,NA,NA,NA,NA,69,0,0,0,69,0,0,0
"2780",2006,38025,NA,NA,NA,NA,NA,NA,NA,NA,NA,NA,NA,NA,NA,NA,NA,NA,NA,NA,NA,NA,NA,NA,NA,NA,NA,NA,NA,NA,NA,NA,NA,NA,NA,NA,NA,NA,NA,NA,NA,NA,NA,NA,NA,NA,NA,NA,NA,NA,NA,NA,NA,NA,145,0.750405,1.12327,108.809,145,1.64644,2.28075,238.734
"2781",2006,38091,NA,NA,NA,NA,NA,NA,NA,NA,NA,NA,NA,NA,NA,NA,NA,NA,NA,NA,NA,NA,NA,NA,NA,NA,NA,NA,NA,NA,NA,NA,NA,NA,NA,NA,NA,NA,NA,NA,NA,NA,NA,NA,NA,NA,NA,NA,NA,NA,NA,NA,NA,NA,50,0,0,0,50,0,0,0
"2782",2006,38039,NA,NA,NA,NA,NA,NA,NA,NA,NA,NA,NA,NA,NA,NA,NA,NA,NA,NA,NA,NA,NA,NA,NA,NA,NA,NA,NA,NA,NA,NA,NA,NA,NA,NA,NA,NA,NA,NA,NA,NA,NA,NA,NA,NA,NA,NA,NA,NA,NA,NA,NA,NA,50,0,0,0,50,0,0,0
"2783",2006,38097,NA,NA,NA,NA,NA,NA,NA,NA,NA,NA,NA,NA,NA,NA,NA,NA,NA,NA,NA,NA,NA,NA,NA,NA,NA,NA,NA,NA,NA,NA,NA,NA,NA,NA,NA,NA,NA,NA,NA,NA,NA,NA,NA,NA,NA,NA,NA,NA,NA,NA,NA,NA,56,0,0,0,56,0,0,0
"2784",2006,38031,NA,NA,NA,NA,NA,NA,NA,NA,NA,NA,NA,NA,NA,NA,NA,NA,NA,NA,NA,NA,NA,NA,NA,NA,NA,NA,NA,NA,NA,NA,NA,NA,NA,NA,NA,NA,NA,NA,NA,NA,NA,NA,NA,NA,NA,NA,NA,NA,NA,NA,NA,NA,43,0,0,0,43,0,0,0
"2785",2006,38057,NA,NA,NA,NA,NA,NA,NA,NA,NA,NA,NA,NA,NA,NA,NA,NA,NA,NA,NA,NA,NA,NA,NA,NA,NA,NA,NA,NA,NA,NA,NA,NA,NA,NA,NA,NA,NA,NA,NA,NA,NA,NA,NA,NA,NA,NA,NA,NA,NA,NA,NA,NA,77,0,0,0,77,0,0,0
"2786",2006,38007,NA,NA,NA,NA,NA,NA,NA,NA,NA,NA,NA,NA,NA,NA,NA,NA,NA,NA,NA,NA,NA,NA,NA,NA,NA,NA,NA,NA,NA,NA,NA,NA,NA,NA,NA,NA,NA,NA,NA,NA,NA,NA,NA,NA,NA,NA,NA,NA,NA,NA,NA,NA,89,0.0306385,0.0776107,2.72682,89,0.342925,0.473626,30.5203
"2787",2006,38033,NA,NA,NA,NA,NA,NA,NA,NA,NA,NA,NA,NA,NA,NA,NA,NA,NA,NA,NA,NA,NA,NA,NA,NA,NA,NA,NA,NA,NA,NA,NA,NA,NA,NA,NA,NA,NA,NA,NA,NA,NA,NA,NA,NA,NA,NA,NA,NA,NA,NA,NA,NA,70,0,0,0,70,0.276669,0.682068,19.3668
"2788",2006,38043,NA,NA,NA,NA,NA,NA,NA,NA,NA,NA,NA,NA,NA,NA,NA,NA,NA,NA,NA,NA,NA,NA,NA,NA,NA,NA,NA,NA,NA,NA,NA,NA,NA,NA,NA,NA,NA,NA,NA,NA,NA,NA,NA,NA,NA,NA,NA,NA,NA,NA,NA,NA,105,0.00424845,0.0172573,0.446087,105,0,0,0
"2789",2006,38093,NA,NA,NA,NA,NA,NA,NA,NA,NA,NA,NA,NA,NA,NA,NA,NA,NA,NA,NA,NA,NA,NA,NA,NA,NA,NA,NA,NA,NA,NA,NA,NA,NA,NA,NA,NA,NA,NA,NA,NA,NA,NA,NA,NA,NA,NA,NA,NA,NA,NA,NA,NA,162,0,0,0,162,0,0,0
"2790",2006,38015,NA,NA,NA,NA,NA,NA,NA,NA,NA,NA,NA,NA,NA,NA,NA,NA,NA,NA,NA,NA,NA,NA,NA,NA,NA,NA,NA,NA,NA,NA,NA,NA,NA,NA,NA,NA,NA,NA,NA,NA,NA,NA,NA,NA,NA,NA,NA,NA,NA,NA,NA,NA,123,0.851443,1.22884,104.728,123,0.299548,0.644091,36.8444
"2791",2006,38065,NA,NA,NA,NA,NA,NA,NA,NA,NA,NA,NA,NA,NA,NA,NA,NA,NA,NA,NA,NA,NA,NA,NA,NA,NA,NA,NA,NA,NA,NA,NA,NA,NA,NA,NA,NA,NA,NA,NA,NA,NA,NA,NA,NA,NA,NA,NA,NA,NA,NA,NA,NA,51,0.16494,0.623554,8.41193,51,0.041223,0.291491,2.10238
"2792",2006,38003,NA,NA,NA,NA,NA,NA,NA,NA,NA,NA,NA,NA,NA,NA,NA,NA,NA,NA,NA,NA,NA,NA,NA,NA,NA,NA,NA,NA,NA,NA,NA,NA,NA,NA,NA,NA,NA,NA,NA,NA,NA,NA,NA,NA,NA,NA,NA,NA,NA,NA,NA,NA,106,0,0,0,106,0,0,0
"2793",2006,38017,NA,NA,NA,NA,NA,NA,NA,NA,NA,NA,NA,NA,NA,NA,NA,NA,NA,NA,NA,NA,NA,NA,NA,NA,NA,NA,NA,NA,NA,NA,NA,NA,NA,NA,NA,NA,NA,NA,NA,NA,NA,NA,NA,NA,NA,NA,NA,NA,NA,NA,NA,NA,132,0,0,0,132,0,0,0
"2794",2006,38089,NA,NA,NA,NA,NA,NA,NA,NA,NA,NA,NA,NA,NA,NA,NA,NA,NA,NA,NA,NA,NA,NA,NA,NA,NA,NA,NA,NA,NA,NA,NA,NA,NA,NA,NA,NA,NA,NA,NA,NA,NA,NA,NA,NA,NA,NA,NA,NA,NA,NA,NA,NA,95,0.558057,0.777138,53.0154,95,1.71201,1.9028,162.641
"2795",2006,38059,NA,NA,NA,NA,NA,NA,NA,NA,NA,NA,NA,NA,NA,NA,NA,NA,NA,NA,NA,NA,NA,NA,NA,NA,NA,NA,NA,NA,NA,NA,NA,NA,NA,NA,NA,NA,NA,NA,NA,NA,NA,NA,NA,NA,NA,NA,NA,NA,NA,NA,NA,NA,133,0.732584,0.944645,97.4337,133,0.180288,0.440527,23.9783
"2796",2006,38037,NA,NA,NA,NA,NA,NA,NA,NA,NA,NA,NA,NA,NA,NA,NA,NA,NA,NA,NA,NA,NA,NA,NA,NA,NA,NA,NA,NA,NA,NA,NA,NA,NA,NA,NA,NA,NA,NA,NA,NA,NA,NA,NA,NA,NA,NA,NA,NA,NA,NA,NA,NA,115,0.0192574,0.0633531,2.2146,115,0.0411084,0.102979,4.72747
"2797",2006,38029,NA,NA,NA,NA,NA,NA,NA,NA,NA,NA,NA,NA,NA,NA,NA,NA,NA,NA,NA,NA,NA,NA,NA,NA,NA,NA,NA,NA,NA,NA,NA,NA,NA,NA,NA,NA,NA,NA,NA,NA,NA,NA,NA,NA,NA,NA,NA,NA,NA,NA,NA,NA,115,0.00371076,0.017405,0.426737,115,0.0119408,0.062902,1.37319
"2798",2006,38047,NA,NA,NA,NA,NA,NA,NA,NA,NA,NA,NA,NA,NA,NA,NA,NA,NA,NA,NA,NA,NA,NA,NA,NA,NA,NA,NA,NA,NA,NA,NA,NA,NA,NA,NA,NA,NA,NA,NA,NA,NA,NA,NA,NA,NA,NA,NA,NA,NA,NA,NA,NA,66,0,0,0,66,0,0,0
"2799",2006,38087,NA,NA,NA,NA,NA,NA,NA,NA,NA,NA,NA,NA,NA,NA,NA,NA,NA,NA,NA,NA,NA,NA,NA,NA,NA,NA,NA,NA,NA,NA,NA,NA,NA,NA,NA,NA,NA,NA,NA,NA,NA,NA,NA,NA,NA,NA,NA,NA,NA,NA,NA,NA,97,0,0,0,97,0.114889,0.448623,11.1442
"2800",2006,38045,NA,NA,NA,NA,NA,NA,NA,NA,NA,NA,NA,NA,NA,NA,NA,NA,NA,NA,NA,NA,NA,NA,NA,NA,NA,NA,NA,NA,NA,NA,NA,NA,NA,NA,NA,NA,NA,NA,NA,NA,NA,NA,NA,NA,NA,NA,NA,NA,NA,NA,NA,NA,87,0,0,0,87,0,0,0
"2801",2006,38041,NA,NA,NA,NA,NA,NA,NA,NA,NA,NA,NA,NA,NA,NA,NA,NA,NA,NA,NA,NA,NA,NA,NA,NA,NA,NA,NA,NA,NA,NA,NA,NA,NA,NA,NA,NA,NA,NA,NA,NA,NA,NA,NA,NA,NA,NA,NA,NA,NA,NA,NA,NA,84,0.0422481,0.0684735,3.54884,84,0.282442,0.411783,23.7252
"2802",2006,38073,NA,NA,NA,NA,NA,NA,NA,NA,NA,NA,NA,NA,NA,NA,NA,NA,NA,NA,NA,NA,NA,NA,NA,NA,NA,NA,NA,NA,NA,NA,NA,NA,NA,NA,NA,NA,NA,NA,NA,NA,NA,NA,NA,NA,NA,NA,NA,NA,NA,NA,NA,NA,59,0,0,0,59,0,0,0
"2803",2006,38077,NA,NA,NA,NA,NA,NA,NA,NA,NA,NA,NA,NA,NA,NA,NA,NA,NA,NA,NA,NA,NA,NA,NA,NA,NA,NA,NA,NA,NA,NA,NA,NA,NA,NA,NA,NA,NA,NA,NA,NA,NA,NA,NA,NA,NA,NA,NA,NA,NA,NA,NA,NA,103,0,0,0,103,0,0,0
"2804",2006,38085,NA,NA,NA,NA,NA,NA,NA,NA,NA,NA,NA,NA,NA,NA,NA,NA,NA,NA,NA,NA,NA,NA,NA,NA,NA,NA,NA,NA,NA,NA,NA,NA,NA,NA,NA,NA,NA,NA,NA,NA,NA,NA,NA,NA,NA,NA,NA,NA,NA,NA,NA,NA,80,0.0624673,0.176935,4.99739,80,0,0,0
"2805",2006,38001,NA,NA,NA,NA,NA,NA,NA,NA,NA,NA,NA,NA,NA,NA,NA,NA,NA,NA,NA,NA,NA,NA,NA,NA,NA,NA,NA,NA,NA,NA,NA,NA,NA,NA,NA,NA,NA,NA,NA,NA,NA,NA,NA,NA,NA,NA,NA,NA,NA,NA,NA,NA,71,0.0712342,0.256182,5.05763,71,0.265754,0.492722,18.8686
"2806",2006,38081,NA,NA,NA,NA,NA,NA,NA,NA,NA,NA,NA,NA,NA,NA,NA,NA,NA,NA,NA,NA,NA,NA,NA,NA,NA,NA,NA,NA,NA,NA,NA,NA,NA,NA,NA,NA,NA,NA,NA,NA,NA,NA,NA,NA,NA,NA,NA,NA,NA,NA,NA,NA,67,0,0,0,67,0,0,0
"2807",2006,38051,NA,NA,NA,NA,NA,NA,NA,NA,NA,NA,NA,NA,NA,NA,NA,NA,NA,NA,NA,NA,NA,NA,NA,NA,NA,NA,NA,NA,NA,NA,NA,NA,NA,NA,NA,NA,NA,NA,NA,NA,NA,NA,NA,NA,NA,NA,NA,NA,NA,NA,NA,NA,77,0,0,0,77,0,0,0
"2808",2006,38021,NA,NA,NA,NA,NA,NA,NA,NA,NA,NA,NA,NA,NA,NA,NA,NA,NA,NA,NA,NA,NA,NA,NA,NA,NA,NA,NA,NA,NA,NA,NA,NA,NA,NA,NA,NA,NA,NA,NA,NA,NA,NA,NA,NA,NA,NA,NA,NA,NA,NA,NA,NA,75,0,0,0,75,0,0,0
"2809",2006,38011,NA,NA,NA,NA,NA,NA,NA,NA,NA,NA,NA,NA,NA,NA,NA,NA,NA,NA,NA,NA,NA,NA,NA,NA,NA,NA,NA,NA,NA,NA,NA,NA,NA,NA,NA,NA,NA,NA,NA,NA,NA,NA,NA,NA,NA,NA,NA,NA,NA,NA,NA,NA,84,0,0,0,84,0.163733,0.650827,13.7536
"2810",2006,46105,NA,NA,NA,NA,NA,NA,NA,NA,NA,NA,NA,NA,NA,NA,NA,NA,NA,NA,NA,NA,NA,NA,NA,NA,NA,NA,NA,NA,NA,NA,NA,NA,NA,NA,NA,NA,NA,NA,NA,NA,NA,NA,NA,NA,NA,NA,NA,NA,NA,NA,NA,NA,214,0.96925,1.41807,207.42,214,0,0,0
"2811",2006,46031,NA,NA,NA,NA,NA,NA,NA,NA,NA,NA,NA,NA,NA,NA,NA,NA,NA,NA,NA,NA,NA,NA,NA,NA,NA,NA,NA,NA,NA,NA,NA,NA,NA,NA,NA,NA,NA,NA,NA,NA,NA,NA,NA,NA,NA,NA,NA,NA,NA,NA,NA,NA,161,0.0525779,0.101034,8.46504,161,0,0,0
"2812",2006,46063,NA,NA,NA,NA,NA,NA,NA,NA,NA,NA,NA,NA,NA,NA,NA,NA,NA,NA,NA,NA,NA,NA,NA,NA,NA,NA,NA,NA,NA,NA,NA,NA,NA,NA,NA,NA,NA,NA,NA,NA,NA,NA,NA,NA,NA,NA,NA,NA,NA,NA,NA,NA,182,0.381899,1.43448,69.5056,182,0,0,0
"2813",2006,46021,NA,NA,NA,NA,NA,NA,NA,NA,NA,NA,NA,NA,NA,NA,NA,NA,NA,NA,NA,NA,NA,NA,NA,NA,NA,NA,NA,NA,NA,NA,NA,NA,NA,NA,NA,NA,NA,NA,NA,NA,NA,NA,NA,NA,NA,NA,NA,NA,NA,NA,NA,NA,52,0,0,0,52,0,0,0
"2814",2006,46089,NA,NA,NA,NA,NA,NA,NA,NA,NA,NA,NA,NA,NA,NA,NA,NA,NA,NA,NA,NA,NA,NA,NA,NA,NA,NA,NA,NA,NA,NA,NA,NA,NA,NA,NA,NA,NA,NA,NA,NA,NA,NA,NA,NA,NA,NA,NA,NA,NA,NA,NA,NA,74,0,0,0,74,0,0,0
"2815",2006,46013,NA,NA,NA,NA,NA,NA,NA,NA,NA,NA,NA,NA,NA,NA,NA,NA,NA,NA,NA,NA,NA,NA,NA,NA,NA,NA,NA,NA,NA,NA,NA,NA,NA,NA,NA,NA,NA,NA,NA,NA,NA,NA,NA,NA,NA,NA,NA,NA,NA,NA,NA,NA,125,0,0,0,125,0,0,0
"2816",2006,46109,NA,NA,NA,NA,NA,NA,NA,NA,NA,NA,NA,NA,NA,NA,NA,NA,NA,NA,NA,NA,NA,NA,NA,NA,NA,NA,NA,NA,NA,NA,NA,NA,NA,NA,NA,NA,NA,NA,NA,NA,NA,NA,NA,NA,NA,NA,NA,NA,NA,NA,NA,NA,82,0,0,0,82,0.0945277,0.228306,7.75127
"2817",2006,46091,NA,NA,NA,NA,NA,NA,NA,NA,NA,NA,NA,NA,NA,NA,NA,NA,NA,NA,NA,NA,NA,NA,NA,NA,NA,NA,NA,NA,NA,NA,NA,NA,NA,NA,NA,NA,NA,NA,NA,NA,NA,NA,NA,NA,NA,NA,NA,NA,NA,NA,NA,NA,63,0,0,0,63,0,0,0
"2818",2006,46129,NA,NA,NA,NA,NA,NA,NA,NA,NA,NA,NA,NA,NA,NA,NA,NA,NA,NA,NA,NA,NA,NA,NA,NA,NA,NA,NA,NA,NA,NA,NA,NA,NA,NA,NA,NA,NA,NA,NA,NA,NA,NA,NA,NA,NA,NA,NA,NA,NA,NA,NA,NA,49,0,0,0,49,0,0,0
"2819",2006,46045,NA,NA,NA,NA,NA,NA,NA,NA,NA,NA,NA,NA,NA,NA,NA,NA,NA,NA,NA,NA,NA,NA,NA,NA,NA,NA,NA,NA,NA,NA,NA,NA,NA,NA,NA,NA,NA,NA,NA,NA,NA,NA,NA,NA,NA,NA,NA,NA,NA,NA,NA,NA,78,0,0,0,78,0,0,0
"2820",2006,46037,NA,NA,NA,NA,NA,NA,NA,NA,NA,NA,NA,NA,NA,NA,NA,NA,NA,NA,NA,NA,NA,NA,NA,NA,NA,NA,NA,NA,NA,NA,NA,NA,NA,NA,NA,NA,NA,NA,NA,NA,NA,NA,NA,NA,NA,NA,NA,NA,NA,NA,NA,NA,77,0,0,0,77,0.201907,0.22345,15.5468
"2821",2006,46041,NA,NA,NA,NA,NA,NA,NA,NA,NA,NA,NA,NA,NA,NA,NA,NA,NA,NA,NA,NA,NA,NA,NA,NA,NA,NA,NA,NA,NA,NA,NA,NA,NA,NA,NA,NA,NA,NA,NA,NA,NA,NA,NA,NA,NA,NA,NA,NA,NA,NA,NA,NA,179,0.658323,1.37175,117.84,179,0.608517,1.14031,108.925
"2822",2006,46137,NA,NA,NA,NA,NA,NA,NA,NA,NA,NA,NA,NA,NA,NA,NA,NA,NA,NA,NA,NA,NA,NA,NA,NA,NA,NA,NA,NA,NA,NA,NA,NA,NA,NA,NA,NA,NA,NA,NA,NA,NA,NA,NA,NA,NA,NA,NA,NA,NA,NA,NA,NA,136,0.708793,1.19577,96.3959,136,1.58429,2.47927,215.463
"2823",2006,46051,NA,NA,NA,NA,NA,NA,NA,NA,NA,NA,NA,NA,NA,NA,NA,NA,NA,NA,NA,NA,NA,NA,NA,NA,NA,NA,NA,NA,NA,NA,NA,NA,NA,NA,NA,NA,NA,NA,NA,NA,NA,NA,NA,NA,NA,NA,NA,NA,NA,NA,NA,NA,47,0,0,0,47,0.0274868,0.130381,1.29188
"2824",2006,46107,NA,NA,NA,NA,NA,NA,NA,NA,NA,NA,NA,NA,NA,NA,NA,NA,NA,NA,NA,NA,NA,NA,NA,NA,NA,NA,NA,NA,NA,NA,NA,NA,NA,NA,NA,NA,NA,NA,NA,NA,NA,NA,NA,NA,NA,NA,NA,NA,NA,NA,NA,NA,68,1.29784,1.4202,88.253,68,0,0,0
"2825",2006,46049,NA,NA,NA,NA,NA,NA,NA,NA,NA,NA,NA,NA,NA,NA,NA,NA,NA,NA,NA,NA,NA,NA,NA,NA,NA,NA,NA,NA,NA,NA,NA,NA,NA,NA,NA,NA,NA,NA,NA,NA,NA,NA,NA,NA,NA,NA,NA,NA,NA,NA,NA,NA,72,0,0,0,72,0,0,0
"2826",2006,46115,NA,NA,NA,NA,NA,NA,NA,NA,NA,NA,NA,NA,NA,NA,NA,NA,NA,NA,NA,NA,NA,NA,NA,NA,NA,NA,NA,NA,NA,NA,NA,NA,NA,NA,NA,NA,NA,NA,NA,NA,NA,NA,NA,NA,NA,NA,NA,NA,NA,NA,NA,NA,111,0,0,0,111,0.00810825,0.0598585,0.900016
"2827",2006,46019,NA,NA,NA,NA,NA,NA,NA,NA,NA,NA,NA,NA,NA,NA,NA,NA,NA,NA,NA,NA,NA,NA,NA,NA,NA,NA,NA,NA,NA,NA,NA,NA,NA,NA,NA,NA,NA,NA,NA,NA,NA,NA,NA,NA,NA,NA,NA,NA,NA,NA,NA,NA,165,0.482728,1.3884,79.6501,165,0,0,0
"2828",2006,46025,NA,NA,NA,NA,NA,NA,NA,NA,NA,NA,NA,NA,NA,NA,NA,NA,NA,NA,NA,NA,NA,NA,NA,NA,NA,NA,NA,NA,NA,NA,NA,NA,NA,NA,NA,NA,NA,NA,NA,NA,NA,NA,NA,NA,NA,NA,NA,NA,NA,NA,NA,NA,69,0,0,0,69,0.0586967,0.151554,4.05007
"2829",2006,46029,NA,NA,NA,NA,NA,NA,NA,NA,NA,NA,NA,NA,NA,NA,NA,NA,NA,NA,NA,NA,NA,NA,NA,NA,NA,NA,NA,NA,NA,NA,NA,NA,NA,NA,NA,NA,NA,NA,NA,NA,NA,NA,NA,NA,NA,NA,NA,NA,NA,NA,NA,NA,52,0,0,0,52,0,0,0
"2830",2006,46093,NA,NA,NA,NA,NA,NA,NA,NA,NA,NA,NA,NA,NA,NA,NA,NA,NA,NA,NA,NA,NA,NA,NA,NA,NA,NA,NA,NA,NA,NA,NA,NA,NA,NA,NA,NA,NA,NA,NA,NA,NA,NA,NA,NA,NA,NA,NA,NA,NA,NA,NA,NA,253,0.976696,1.66484,247.104,253,0.155039,0.41305,39.2249
"2831",2006,46039,NA,NA,NA,NA,NA,NA,NA,NA,NA,NA,NA,NA,NA,NA,NA,NA,NA,NA,NA,NA,NA,NA,NA,NA,NA,NA,NA,NA,NA,NA,NA,NA,NA,NA,NA,NA,NA,NA,NA,NA,NA,NA,NA,NA,NA,NA,NA,NA,NA,NA,NA,NA,45,0,0,0,45,0,0,0
"2832",2006,46119,NA,NA,NA,NA,NA,NA,NA,NA,NA,NA,NA,NA,NA,NA,NA,NA,NA,NA,NA,NA,NA,NA,NA,NA,NA,NA,NA,NA,NA,NA,NA,NA,NA,NA,NA,NA,NA,NA,NA,NA,NA,NA,NA,NA,NA,NA,NA,NA,NA,NA,NA,NA,72,1.80099,1.70325,129.672,72,0,0,0
"2833",2006,46069,NA,NA,NA,NA,NA,NA,NA,NA,NA,NA,NA,NA,NA,NA,NA,NA,NA,NA,NA,NA,NA,NA,NA,NA,NA,NA,NA,NA,NA,NA,NA,NA,NA,NA,NA,NA,NA,NA,NA,NA,NA,NA,NA,NA,NA,NA,NA,NA,NA,NA,NA,NA,63,0.718504,0.678045,45.2658,63,0.00761905,0.0420776,0.48
"2834",2006,46059,NA,NA,NA,NA,NA,NA,NA,NA,NA,NA,NA,NA,NA,NA,NA,NA,NA,NA,NA,NA,NA,NA,NA,NA,NA,NA,NA,NA,NA,NA,NA,NA,NA,NA,NA,NA,NA,NA,NA,NA,NA,NA,NA,NA,NA,NA,NA,NA,NA,NA,NA,NA,101,0.455738,1.14872,46.0295,101,0.00475248,0.0334366,0.48
"2835",2006,46057,NA,NA,NA,NA,NA,NA,NA,NA,NA,NA,NA,NA,NA,NA,NA,NA,NA,NA,NA,NA,NA,NA,NA,NA,NA,NA,NA,NA,NA,NA,NA,NA,NA,NA,NA,NA,NA,NA,NA,NA,NA,NA,NA,NA,NA,NA,NA,NA,NA,NA,NA,NA,40,0,0,0,40,0,0,0
"2836",2006,46117,NA,NA,NA,NA,NA,NA,NA,NA,NA,NA,NA,NA,NA,NA,NA,NA,NA,NA,NA,NA,NA,NA,NA,NA,NA,NA,NA,NA,NA,NA,NA,NA,NA,NA,NA,NA,NA,NA,NA,NA,NA,NA,NA,NA,NA,NA,NA,NA,NA,NA,NA,NA,121,4.53486,2.47044,548.718,121,0.300496,1.02288,36.36
"2837",2006,46055,NA,NA,NA,NA,NA,NA,NA,NA,NA,NA,NA,NA,NA,NA,NA,NA,NA,NA,NA,NA,NA,NA,NA,NA,NA,NA,NA,NA,NA,NA,NA,NA,NA,NA,NA,NA,NA,NA,NA,NA,NA,NA,NA,NA,NA,NA,NA,NA,NA,NA,NA,NA,120,7.20898,2.78417,865.078,120,4.14622,2.84644,497.546
"2838",2006,46005,NA,NA,NA,NA,NA,NA,NA,NA,NA,NA,NA,NA,NA,NA,NA,NA,NA,NA,NA,NA,NA,NA,NA,NA,NA,NA,NA,NA,NA,NA,NA,NA,NA,NA,NA,NA,NA,NA,NA,NA,NA,NA,NA,NA,NA,NA,NA,NA,NA,NA,NA,NA,88,0,0,0,88,0,0,0
"2839",2006,46081,NA,NA,NA,NA,NA,NA,NA,NA,NA,NA,NA,NA,NA,NA,NA,NA,NA,NA,NA,NA,NA,NA,NA,NA,NA,NA,NA,NA,NA,NA,NA,NA,NA,NA,NA,NA,NA,NA,NA,NA,NA,NA,NA,NA,NA,NA,NA,NA,NA,NA,NA,NA,62,0.0713692,0.367569,4.42489,62,0.528514,1.38754,32.7678
"2840",2006,46065,NA,NA,NA,NA,NA,NA,NA,NA,NA,NA,NA,NA,NA,NA,NA,NA,NA,NA,NA,NA,NA,NA,NA,NA,NA,NA,NA,NA,NA,NA,NA,NA,NA,NA,NA,NA,NA,NA,NA,NA,NA,NA,NA,NA,NA,NA,NA,NA,NA,NA,NA,NA,59,1.05818,0.925607,62.4328,59,0,0,0
"2841",2006,46077,NA,NA,NA,NA,NA,NA,NA,NA,NA,NA,NA,NA,NA,NA,NA,NA,NA,NA,NA,NA,NA,NA,NA,NA,NA,NA,NA,NA,NA,NA,NA,NA,NA,NA,NA,NA,NA,NA,NA,NA,NA,NA,NA,NA,NA,NA,NA,NA,NA,NA,NA,NA,66,0,0,0,66,0,0,0
"2842",2006,46011,NA,NA,NA,NA,NA,NA,NA,NA,NA,NA,NA,NA,NA,NA,NA,NA,NA,NA,NA,NA,NA,NA,NA,NA,NA,NA,NA,NA,NA,NA,NA,NA,NA,NA,NA,NA,NA,NA,NA,NA,NA,NA,NA,NA,NA,NA,NA,NA,NA,NA,NA,NA,59,0,0,0,59,0,0,0
"2843",2006,46103,NA,NA,NA,NA,NA,NA,NA,NA,NA,NA,NA,NA,NA,NA,NA,NA,NA,NA,NA,NA,NA,NA,NA,NA,NA,NA,NA,NA,NA,NA,NA,NA,NA,NA,NA,NA,NA,NA,NA,NA,NA,NA,NA,NA,NA,NA,NA,NA,NA,NA,NA,NA,199,1.75521,2.00483,349.286,199,0.86589,1.43649,172.312
"2844",2006,46085,NA,NA,NA,NA,NA,NA,NA,NA,NA,NA,NA,NA,NA,NA,NA,NA,NA,NA,NA,NA,NA,NA,NA,NA,NA,NA,NA,NA,NA,NA,NA,NA,NA,NA,NA,NA,NA,NA,NA,NA,NA,NA,NA,NA,NA,NA,NA,NA,NA,NA,NA,NA,123,5.57257,2.7201,685.426,123,1.31967,2.34473,162.319
"2845",2006,46073,NA,NA,NA,NA,NA,NA,NA,NA,NA,NA,NA,NA,NA,NA,NA,NA,NA,NA,NA,NA,NA,NA,NA,NA,NA,NA,NA,NA,NA,NA,NA,NA,NA,NA,NA,NA,NA,NA,NA,NA,NA,NA,NA,NA,NA,NA,NA,NA,NA,NA,NA,NA,40,0.528486,0.700696,21.1394,40,0.020812,0.0730894,0.832481
"2846",2006,46101,NA,NA,NA,NA,NA,NA,NA,NA,NA,NA,NA,NA,NA,NA,NA,NA,NA,NA,NA,NA,NA,NA,NA,NA,NA,NA,NA,NA,NA,NA,NA,NA,NA,NA,NA,NA,NA,NA,NA,NA,NA,NA,NA,NA,NA,NA,NA,NA,NA,NA,NA,NA,35,0,0,0,35,0,0,0
"2847",2006,46017,NA,NA,NA,NA,NA,NA,NA,NA,NA,NA,NA,NA,NA,NA,NA,NA,NA,NA,NA,NA,NA,NA,NA,NA,NA,NA,NA,NA,NA,NA,NA,NA,NA,NA,NA,NA,NA,NA,NA,NA,NA,NA,NA,NA,NA,NA,NA,NA,NA,NA,NA,NA,30,3.96149,1.83151,118.845,30,0.567726,1.19086,17.0318
"2848",2006,46111,NA,NA,NA,NA,NA,NA,NA,NA,NA,NA,NA,NA,NA,NA,NA,NA,NA,NA,NA,NA,NA,NA,NA,NA,NA,NA,NA,NA,NA,NA,NA,NA,NA,NA,NA,NA,NA,NA,NA,NA,NA,NA,NA,NA,NA,NA,NA,NA,NA,NA,NA,NA,40,0,0,0,40,0,0,0
"2849",2006,46079,NA,NA,NA,NA,NA,NA,NA,NA,NA,NA,NA,NA,NA,NA,NA,NA,NA,NA,NA,NA,NA,NA,NA,NA,NA,NA,NA,NA,NA,NA,NA,NA,NA,NA,NA,NA,NA,NA,NA,NA,NA,NA,NA,NA,NA,NA,NA,NA,NA,NA,NA,NA,44,0,0,0,44,0,0,0
"2850",2006,46097,NA,NA,NA,NA,NA,NA,NA,NA,NA,NA,NA,NA,NA,NA,NA,NA,NA,NA,NA,NA,NA,NA,NA,NA,NA,NA,NA,NA,NA,NA,NA,NA,NA,NA,NA,NA,NA,NA,NA,NA,NA,NA,NA,NA,NA,NA,NA,NA,NA,NA,NA,NA,40,0,0,0,40,0,0,0
"2851",2006,46075,NA,NA,NA,NA,NA,NA,NA,NA,NA,NA,NA,NA,NA,NA,NA,NA,NA,NA,NA,NA,NA,NA,NA,NA,NA,NA,NA,NA,NA,NA,NA,NA,NA,NA,NA,NA,NA,NA,NA,NA,NA,NA,NA,NA,NA,NA,NA,NA,NA,NA,NA,NA,63,6.75922,2.55696,425.831,63,1.1242,1.95407,70.8247
"2852",2006,46071,NA,NA,NA,NA,NA,NA,NA,NA,NA,NA,NA,NA,NA,NA,NA,NA,NA,NA,NA,NA,NA,NA,NA,NA,NA,NA,NA,NA,NA,NA,NA,NA,NA,NA,NA,NA,NA,NA,NA,NA,NA,NA,NA,NA,NA,NA,NA,NA,NA,NA,NA,NA,133,11.1927,2.3095,1488.64,133,7.26015,2.16923,965.6
"2853",2006,46003,NA,NA,NA,NA,NA,NA,NA,NA,NA,NA,NA,NA,NA,NA,NA,NA,NA,NA,NA,NA,NA,NA,NA,NA,NA,NA,NA,NA,NA,NA,NA,NA,NA,NA,NA,NA,NA,NA,NA,NA,NA,NA,NA,NA,NA,NA,NA,NA,NA,NA,NA,NA,50,1.49861,1.83066,74.9307,50,0.320812,0.75641,16.0406
"2854",2006,46015,NA,NA,NA,NA,NA,NA,NA,NA,NA,NA,NA,NA,NA,NA,NA,NA,NA,NA,NA,NA,NA,NA,NA,NA,NA,NA,NA,NA,NA,NA,NA,NA,NA,NA,NA,NA,NA,NA,NA,NA,NA,NA,NA,NA,NA,NA,NA,NA,NA,NA,NA,NA,56,6.7536,3.31315,378.202,56,3.54194,2.45904,198.349
"2855",2006,46095,NA,NA,NA,NA,NA,NA,NA,NA,NA,NA,NA,NA,NA,NA,NA,NA,NA,NA,NA,NA,NA,NA,NA,NA,NA,NA,NA,NA,NA,NA,NA,NA,NA,NA,NA,NA,NA,NA,NA,NA,NA,NA,NA,NA,NA,NA,NA,NA,NA,NA,NA,NA,93,4.98934,2.94983,464.008,93,2.48545,3.01738,231.147
"2856",2006,46033,NA,NA,NA,NA,NA,NA,NA,NA,NA,NA,NA,NA,NA,NA,NA,NA,NA,NA,NA,NA,NA,NA,NA,NA,NA,NA,NA,NA,NA,NA,NA,NA,NA,NA,NA,NA,NA,NA,NA,NA,NA,NA,NA,NA,NA,NA,NA,NA,NA,NA,NA,NA,107,0.672025,0.661719,71.9067,107,0.176816,0.562125,18.9193
"2857",2006,46035,NA,NA,NA,NA,NA,NA,NA,NA,NA,NA,NA,NA,NA,NA,NA,NA,NA,NA,NA,NA,NA,NA,NA,NA,NA,NA,NA,NA,NA,NA,NA,NA,NA,NA,NA,NA,NA,NA,NA,NA,NA,NA,NA,NA,NA,NA,NA,NA,NA,NA,NA,NA,30,1.03894,0.920822,31.1682,30,0,0,0
"2858",2006,46061,NA,NA,NA,NA,NA,NA,NA,NA,NA,NA,NA,NA,NA,NA,NA,NA,NA,NA,NA,NA,NA,NA,NA,NA,NA,NA,NA,NA,NA,NA,NA,NA,NA,NA,NA,NA,NA,NA,NA,NA,NA,NA,NA,NA,NA,NA,NA,NA,NA,NA,NA,NA,30,1.66579,1.72916,49.9736,30,0,0,0
"2859",2006,46099,NA,NA,NA,NA,NA,NA,NA,NA,NA,NA,NA,NA,NA,NA,NA,NA,NA,NA,NA,NA,NA,NA,NA,NA,NA,NA,NA,NA,NA,NA,NA,NA,NA,NA,NA,NA,NA,NA,NA,NA,NA,NA,NA,NA,NA,NA,NA,NA,NA,NA,NA,NA,55,0,0,0,55,0,0,0
"2860",2006,46087,NA,NA,NA,NA,NA,NA,NA,NA,NA,NA,NA,NA,NA,NA,NA,NA,NA,NA,NA,NA,NA,NA,NA,NA,NA,NA,NA,NA,NA,NA,NA,NA,NA,NA,NA,NA,NA,NA,NA,NA,NA,NA,NA,NA,NA,NA,NA,NA,NA,NA,NA,NA,40,0.104964,0.227902,4.19855,40,0,0,0
"2861",2006,46123,NA,NA,NA,NA,NA,NA,NA,NA,NA,NA,NA,NA,NA,NA,NA,NA,NA,NA,NA,NA,NA,NA,NA,NA,NA,NA,NA,NA,NA,NA,NA,NA,NA,NA,NA,NA,NA,NA,NA,NA,NA,NA,NA,NA,NA,NA,NA,NA,NA,NA,NA,NA,119,5.39178,1.24721,641.622,119,5.90209,1.58489,702.349
"2862",2006,46113,NA,NA,NA,NA,NA,NA,NA,NA,NA,NA,NA,NA,NA,NA,NA,NA,NA,NA,NA,NA,NA,NA,NA,NA,NA,NA,NA,NA,NA,NA,NA,NA,NA,NA,NA,NA,NA,NA,NA,NA,NA,NA,NA,NA,NA,NA,NA,NA,NA,NA,NA,NA,155,2.48848,3.55077,385.715,155,0.357506,0.801097,55.4134
"2863",2006,46083,NA,NA,NA,NA,NA,NA,NA,NA,NA,NA,NA,NA,NA,NA,NA,NA,NA,NA,NA,NA,NA,NA,NA,NA,NA,NA,NA,NA,NA,NA,NA,NA,NA,NA,NA,NA,NA,NA,NA,NA,NA,NA,NA,NA,NA,NA,NA,NA,NA,NA,NA,NA,40,0.879527,1.02988,35.1811,40,0.0355855,0.0711711,1.42342
"2864",2006,46023,NA,NA,NA,NA,NA,NA,NA,NA,NA,NA,NA,NA,NA,NA,NA,NA,NA,NA,NA,NA,NA,NA,NA,NA,NA,NA,NA,NA,NA,NA,NA,NA,NA,NA,NA,NA,NA,NA,NA,NA,NA,NA,NA,NA,NA,NA,NA,NA,NA,NA,NA,NA,80,7.01208,2.03187,560.966,80,4.63323,0.938169,370.659
"2865",2006,46125,NA,NA,NA,NA,NA,NA,NA,NA,NA,NA,NA,NA,NA,NA,NA,NA,NA,NA,NA,NA,NA,NA,NA,NA,NA,NA,NA,NA,NA,NA,NA,NA,NA,NA,NA,NA,NA,NA,NA,NA,NA,NA,NA,NA,NA,NA,NA,NA,NA,NA,NA,NA,45,0.674445,0.976178,30.35,45,0.107153,0.110976,4.8219
"2866",2006,46067,NA,NA,NA,NA,NA,NA,NA,NA,NA,NA,NA,NA,NA,NA,NA,NA,NA,NA,NA,NA,NA,NA,NA,NA,NA,NA,NA,NA,NA,NA,NA,NA,NA,NA,NA,NA,NA,NA,NA,NA,NA,NA,NA,NA,NA,NA,NA,NA,NA,NA,NA,NA,58,2.43678,1.85714,141.333,58,0.16226,0.616706,9.41107
"2867",2006,46043,NA,NA,NA,NA,NA,NA,NA,NA,NA,NA,NA,NA,NA,NA,NA,NA,NA,NA,NA,NA,NA,NA,NA,NA,NA,NA,NA,NA,NA,NA,NA,NA,NA,NA,NA,NA,NA,NA,NA,NA,NA,NA,NA,NA,NA,NA,NA,NA,NA,NA,NA,NA,31,4.00411,0.812303,124.127,31,1.56884,1.34533,48.6342
"2868",2006,46053,NA,NA,NA,NA,NA,NA,NA,NA,NA,NA,NA,NA,NA,NA,NA,NA,NA,NA,NA,NA,NA,NA,NA,NA,NA,NA,NA,NA,NA,NA,NA,NA,NA,NA,NA,NA,NA,NA,NA,NA,NA,NA,NA,NA,NA,NA,NA,NA,NA,NA,NA,NA,71,6.23378,0.710735,442.598,71,7.11553,0.92898,505.203
"2869",2006,46047,NA,NA,NA,NA,NA,NA,NA,NA,NA,NA,NA,NA,NA,NA,NA,NA,NA,NA,NA,NA,NA,NA,NA,NA,NA,NA,NA,NA,NA,NA,NA,NA,NA,NA,NA,NA,NA,NA,NA,NA,NA,NA,NA,NA,NA,NA,NA,NA,NA,NA,NA,NA,126,0.449589,0.744247,56.6483,126,0,0,0
"2870",2006,46007,NA,NA,NA,NA,NA,NA,NA,NA,NA,NA,NA,NA,NA,NA,NA,NA,NA,NA,NA,NA,NA,NA,NA,NA,NA,NA,NA,NA,NA,NA,NA,NA,NA,NA,NA,NA,NA,NA,NA,NA,NA,NA,NA,NA,NA,NA,NA,NA,NA,NA,NA,NA,82,7.29859,2.90182,598.484,82,5.91104,4.15899,484.706
"2871",2006,46121,NA,NA,NA,NA,NA,NA,NA,NA,NA,NA,NA,NA,NA,NA,NA,NA,NA,NA,NA,NA,NA,NA,NA,NA,NA,NA,NA,NA,NA,NA,NA,NA,NA,NA,NA,NA,NA,NA,NA,NA,NA,NA,NA,NA,NA,NA,NA,NA,NA,NA,NA,NA,98,4.18167,1.36528,409.804,98,4.21097,1.57386,412.675
"2872",2006,46135,NA,NA,NA,NA,NA,NA,NA,NA,NA,NA,NA,NA,NA,NA,NA,NA,NA,NA,NA,NA,NA,NA,NA,NA,NA,NA,NA,NA,NA,NA,NA,NA,NA,NA,NA,NA,NA,NA,NA,NA,NA,NA,NA,NA,NA,NA,NA,NA,NA,NA,NA,NA,42,4.86132,1.982,204.175,42,0.0550465,0.0703154,2.31195
"2873",2006,46009,NA,NA,NA,NA,NA,NA,NA,NA,NA,NA,NA,NA,NA,NA,NA,NA,NA,NA,NA,NA,NA,NA,NA,NA,NA,NA,NA,NA,NA,NA,NA,NA,NA,NA,NA,NA,NA,NA,NA,NA,NA,NA,NA,NA,NA,NA,NA,NA,NA,NA,NA,NA,42,7.33677,1.88537,308.145,42,1.16425,1.45,48.8983
"2874",2006,46127,NA,NA,NA,NA,NA,NA,NA,NA,NA,NA,NA,NA,NA,NA,NA,NA,NA,NA,NA,NA,NA,NA,NA,NA,NA,NA,NA,NA,NA,NA,NA,NA,NA,NA,NA,NA,NA,NA,NA,NA,NA,NA,NA,NA,NA,NA,NA,NA,NA,NA,NA,NA,32,2.10626,1.02443,67.4002,32,0.319689,0.940174,10.23
"2875",2006,46027,NA,NA,NA,NA,NA,NA,NA,NA,NA,NA,NA,NA,NA,NA,NA,NA,NA,NA,NA,NA,NA,NA,NA,NA,NA,NA,NA,NA,NA,NA,NA,NA,NA,NA,NA,NA,NA,NA,NA,NA,NA,NA,NA,NA,NA,NA,NA,NA,NA,NA,NA,NA,32,3.53492,1.4973,113.117,32,0.335654,0.930905,10.7409
"2876",2006,31165,NA,NA,NA,NA,NA,NA,NA,NA,NA,NA,NA,NA,NA,NA,NA,NA,NA,NA,NA,NA,NA,NA,NA,NA,NA,NA,NA,NA,NA,NA,NA,NA,NA,NA,NA,NA,NA,NA,NA,NA,NA,NA,NA,NA,NA,NA,NA,NA,NA,NA,NA,NA,145,0.0962041,0.203687,13.9496,145,0,0,0
"2877",2006,31161,NA,NA,NA,NA,NA,NA,NA,NA,NA,NA,NA,NA,NA,NA,NA,NA,NA,NA,NA,NA,NA,NA,NA,NA,NA,NA,NA,NA,NA,NA,NA,NA,NA,NA,NA,NA,NA,NA,NA,NA,NA,NA,NA,NA,NA,NA,NA,NA,NA,NA,NA,NA,186,5.2139,3.07499,969.786,186,0,0,0
"2878",2006,31045,NA,NA,NA,NA,NA,NA,NA,NA,NA,NA,NA,NA,NA,NA,NA,NA,NA,NA,NA,NA,NA,NA,NA,NA,NA,NA,NA,NA,NA,NA,NA,NA,NA,NA,NA,NA,NA,NA,NA,NA,NA,NA,NA,NA,NA,NA,NA,NA,NA,NA,NA,NA,100,0.420045,0.625484,42.0045,100,0,0,0
"2879",2006,31015,NA,NA,NA,NA,NA,NA,NA,NA,NA,NA,NA,NA,NA,NA,NA,NA,NA,NA,NA,NA,NA,NA,NA,NA,NA,NA,NA,NA,NA,NA,NA,NA,NA,NA,NA,NA,NA,NA,NA,NA,NA,NA,NA,NA,NA,NA,NA,NA,NA,NA,NA,NA,39,8.66329,1.3546,337.868,39,5.43818,0.357301,212.089
"2880",2006,31103,NA,NA,NA,NA,NA,NA,NA,NA,NA,NA,NA,NA,NA,NA,NA,NA,NA,NA,NA,NA,NA,NA,NA,NA,NA,NA,NA,NA,NA,NA,NA,NA,NA,NA,NA,NA,NA,NA,NA,NA,NA,NA,NA,NA,NA,NA,NA,NA,NA,NA,NA,NA,55,4.08843,1.28828,224.864,55,5.36691,0.283539,295.18
"2881",2006,31031,NA,NA,NA,NA,NA,NA,NA,NA,NA,NA,NA,NA,NA,NA,NA,NA,NA,NA,NA,NA,NA,NA,NA,NA,NA,NA,NA,NA,NA,NA,NA,NA,NA,NA,NA,NA,NA,NA,NA,NA,NA,NA,NA,NA,NA,NA,NA,NA,NA,NA,NA,NA,432,2.8403,2.50378,1227.01,432,2.57288,2.24639,1111.48
"2882",2006,31089,NA,NA,NA,NA,NA,NA,NA,NA,NA,NA,NA,NA,NA,NA,NA,NA,NA,NA,NA,NA,NA,NA,NA,NA,NA,NA,NA,NA,NA,NA,NA,NA,NA,NA,NA,NA,NA,NA,NA,NA,NA,NA,NA,NA,NA,NA,NA,NA,NA,NA,NA,NA,170,10.8467,2.25568,1843.94,170,7.38617,2.4501,1255.65
"2883",2006,31107,NA,NA,NA,NA,NA,NA,NA,NA,NA,NA,NA,NA,NA,NA,NA,NA,NA,NA,NA,NA,NA,NA,NA,NA,NA,NA,NA,NA,NA,NA,NA,NA,NA,NA,NA,NA,NA,NA,NA,NA,NA,NA,NA,NA,NA,NA,NA,NA,NA,NA,NA,NA,83,9.52537,1.7021,790.606,83,4.31703,2.69548,358.314
"2884",2006,31027,NA,NA,NA,NA,NA,NA,NA,NA,NA,NA,NA,NA,NA,NA,NA,NA,NA,NA,NA,NA,NA,NA,NA,NA,NA,NA,NA,NA,NA,NA,NA,NA,NA,NA,NA,NA,NA,NA,NA,NA,NA,NA,NA,NA,NA,NA,NA,NA,NA,NA,NA,NA,50,3.1815,2.62668,159.075,50,1.81957,1.06091,90.9783
"2885",2006,31017,NA,NA,NA,NA,NA,NA,NA,NA,NA,NA,NA,NA,NA,NA,NA,NA,NA,NA,NA,NA,NA,NA,NA,NA,NA,NA,NA,NA,NA,NA,NA,NA,NA,NA,NA,NA,NA,NA,NA,NA,NA,NA,NA,NA,NA,NA,NA,NA,NA,NA,NA,NA,91,7.85127,2.14422,714.465,91,4.00621,0.468133,364.565
"2886",2006,31149,NA,NA,NA,NA,NA,NA,NA,NA,NA,NA,NA,NA,NA,NA,NA,NA,NA,NA,NA,NA,NA,NA,NA,NA,NA,NA,NA,NA,NA,NA,NA,NA,NA,NA,NA,NA,NA,NA,NA,NA,NA,NA,NA,NA,NA,NA,NA,NA,NA,NA,NA,NA,71,9.66994,2.33233,686.566,71,4.78588,1.04475,339.798
"2887",2006,31051,NA,NA,NA,NA,NA,NA,NA,NA,NA,NA,NA,NA,NA,NA,NA,NA,NA,NA,NA,NA,NA,NA,NA,NA,NA,NA,NA,NA,NA,NA,NA,NA,NA,NA,NA,NA,NA,NA,NA,NA,NA,NA,NA,NA,NA,NA,NA,NA,NA,NA,NA,NA,37,0.617335,0.743392,22.8414,37,1.68444,1.87861,62.3243
"2888",2006,31043,NA,NA,NA,NA,NA,NA,NA,NA,NA,NA,NA,NA,NA,NA,NA,NA,NA,NA,NA,NA,NA,NA,NA,NA,NA,NA,NA,NA,NA,NA,NA,NA,NA,NA,NA,NA,NA,NA,NA,NA,NA,NA,NA,NA,NA,NA,NA,NA,NA,NA,NA,NA,16,0.133453,0.353083,2.13525,16,0.0345989,0.0915402,0.553583
"2889",2006,31139,NA,NA,NA,NA,NA,NA,NA,NA,NA,NA,NA,NA,NA,NA,NA,NA,NA,NA,NA,NA,NA,NA,NA,NA,NA,NA,NA,NA,NA,NA,NA,NA,NA,NA,NA,NA,NA,NA,NA,NA,NA,NA,NA,NA,NA,NA,NA,NA,NA,NA,NA,NA,41,3.38635,4.40793,138.84,41,4.27349,3.70436,175.213
"2890",2006,31013,NA,NA,NA,NA,NA,NA,NA,NA,NA,NA,NA,NA,NA,NA,NA,NA,NA,NA,NA,NA,NA,NA,NA,NA,NA,NA,NA,NA,NA,NA,NA,NA,NA,NA,NA,NA,NA,NA,NA,NA,NA,NA,NA,NA,NA,NA,NA,NA,NA,NA,NA,NA,78,0.538293,1.05692,41.9868,78,0,0,0
"2891",2006,31003,NA,NA,NA,NA,NA,NA,NA,NA,NA,NA,NA,NA,NA,NA,NA,NA,NA,NA,NA,NA,NA,NA,NA,NA,NA,NA,NA,NA,NA,NA,NA,NA,NA,NA,NA,NA,NA,NA,NA,NA,NA,NA,NA,NA,NA,NA,NA,NA,NA,NA,NA,NA,65,4.1546,4.00797,270.049,65,9.49431,4.47092,617.13
"2892",2006,31179,NA,NA,NA,NA,NA,NA,NA,NA,NA,NA,NA,NA,NA,NA,NA,NA,NA,NA,NA,NA,NA,NA,NA,NA,NA,NA,NA,NA,NA,NA,NA,NA,NA,NA,NA,NA,NA,NA,NA,NA,NA,NA,NA,NA,NA,NA,NA,NA,NA,NA,NA,NA,33,0.00727273,0.0411408,0.24,33,0.696263,0.81877,22.9767
"2893",2006,31173,NA,NA,NA,NA,NA,NA,NA,NA,NA,NA,NA,NA,NA,NA,NA,NA,NA,NA,NA,NA,NA,NA,NA,NA,NA,NA,NA,NA,NA,NA,NA,NA,NA,NA,NA,NA,NA,NA,NA,NA,NA,NA,NA,NA,NA,NA,NA,NA,NA,NA,NA,NA,28,0.00857143,0.0445384,0.24,28,0,0,0
"2894",2006,31075,NA,NA,NA,NA,NA,NA,NA,NA,NA,NA,NA,NA,NA,NA,NA,NA,NA,NA,NA,NA,NA,NA,NA,NA,NA,NA,NA,NA,NA,NA,NA,NA,NA,NA,NA,NA,NA,NA,NA,NA,NA,NA,NA,NA,NA,NA,NA,NA,NA,NA,NA,NA,47,4.25074,1.27045,199.785,47,0,0,0
"2895",2006,31091,NA,NA,NA,NA,NA,NA,NA,NA,NA,NA,NA,NA,NA,NA,NA,NA,NA,NA,NA,NA,NA,NA,NA,NA,NA,NA,NA,NA,NA,NA,NA,NA,NA,NA,NA,NA,NA,NA,NA,NA,NA,NA,NA,NA,NA,NA,NA,NA,NA,NA,NA,NA,48,5.7904,1.08816,277.939,48,0.764399,1.2041,36.6912
"2896",2006,31039,NA,NA,NA,NA,NA,NA,NA,NA,NA,NA,NA,NA,NA,NA,NA,NA,NA,NA,NA,NA,NA,NA,NA,NA,NA,NA,NA,NA,NA,NA,NA,NA,NA,NA,NA,NA,NA,NA,NA,NA,NA,NA,NA,NA,NA,NA,NA,NA,NA,NA,NA,NA,38,0,0,0,38,0,0,0
"2897",2006,31119,NA,NA,NA,NA,NA,NA,NA,NA,NA,NA,NA,NA,NA,NA,NA,NA,NA,NA,NA,NA,NA,NA,NA,NA,NA,NA,NA,NA,NA,NA,NA,NA,NA,NA,NA,NA,NA,NA,NA,NA,NA,NA,NA,NA,NA,NA,NA,NA,NA,NA,NA,NA,36,0.0188581,0.077754,0.678892,36,0.419514,1.57048,15.1025
"2898",2006,31167,NA,NA,NA,NA,NA,NA,NA,NA,NA,NA,NA,NA,NA,NA,NA,NA,NA,NA,NA,NA,NA,NA,NA,NA,NA,NA,NA,NA,NA,NA,NA,NA,NA,NA,NA,NA,NA,NA,NA,NA,NA,NA,NA,NA,NA,NA,NA,NA,NA,NA,NA,NA,30,0,0,0,30,0.054,0.162,1.62
"2899",2006,31171,NA,NA,NA,NA,NA,NA,NA,NA,NA,NA,NA,NA,NA,NA,NA,NA,NA,NA,NA,NA,NA,NA,NA,NA,NA,NA,NA,NA,NA,NA,NA,NA,NA,NA,NA,NA,NA,NA,NA,NA,NA,NA,NA,NA,NA,NA,NA,NA,NA,NA,NA,NA,48,4.80856,0.909646,230.811,48,3.69597,0.707406,177.407
"2900",2006,31183,NA,NA,NA,NA,NA,NA,NA,NA,NA,NA,NA,NA,NA,NA,NA,NA,NA,NA,NA,NA,NA,NA,NA,NA,NA,NA,NA,NA,NA,NA,NA,NA,NA,NA,NA,NA,NA,NA,NA,NA,NA,NA,NA,NA,NA,NA,NA,NA,NA,NA,NA,NA,36,4.14951,2.20623,149.382,36,15.6023,1.63971,561.683
"2901",2006,31009,NA,NA,NA,NA,NA,NA,NA,NA,NA,NA,NA,NA,NA,NA,NA,NA,NA,NA,NA,NA,NA,NA,NA,NA,NA,NA,NA,NA,NA,NA,NA,NA,NA,NA,NA,NA,NA,NA,NA,NA,NA,NA,NA,NA,NA,NA,NA,NA,NA,NA,NA,NA,51,6.12237,1.33622,312.241,51,5.01668,0.458017,255.851
"2902",2006,31115,NA,NA,NA,NA,NA,NA,NA,NA,NA,NA,NA,NA,NA,NA,NA,NA,NA,NA,NA,NA,NA,NA,NA,NA,NA,NA,NA,NA,NA,NA,NA,NA,NA,NA,NA,NA,NA,NA,NA,NA,NA,NA,NA,NA,NA,NA,NA,NA,NA,NA,NA,NA,37,8.19051,2.58781,303.049,37,6.63283,1.1877,245.415
"2903",2006,31071,NA,NA,NA,NA,NA,NA,NA,NA,NA,NA,NA,NA,NA,NA,NA,NA,NA,NA,NA,NA,NA,NA,NA,NA,NA,NA,NA,NA,NA,NA,NA,NA,NA,NA,NA,NA,NA,NA,NA,NA,NA,NA,NA,NA,NA,NA,NA,NA,NA,NA,NA,NA,36,8.77802,3.08584,316.009,36,11.0118,2.27032,396.426
"2904",2006,31021,NA,NA,NA,NA,NA,NA,NA,NA,NA,NA,NA,NA,NA,NA,NA,NA,NA,NA,NA,NA,NA,NA,NA,NA,NA,NA,NA,NA,NA,NA,NA,NA,NA,NA,NA,NA,NA,NA,NA,NA,NA,NA,NA,NA,NA,NA,NA,NA,NA,NA,NA,NA,33,0,0,0,33,0,0,0
"2905",2006,31069,NA,NA,NA,NA,NA,NA,NA,NA,NA,NA,NA,NA,NA,NA,NA,NA,NA,NA,NA,NA,NA,NA,NA,NA,NA,NA,NA,NA,NA,NA,NA,NA,NA,NA,NA,NA,NA,NA,NA,NA,NA,NA,NA,NA,NA,NA,NA,NA,NA,NA,NA,NA,125,3.84046,2.43379,480.057,125,0,0,0
"2906",2006,31123,NA,NA,NA,NA,NA,NA,NA,NA,NA,NA,NA,NA,NA,NA,NA,NA,NA,NA,NA,NA,NA,NA,NA,NA,NA,NA,NA,NA,NA,NA,NA,NA,NA,NA,NA,NA,NA,NA,NA,NA,NA,NA,NA,NA,NA,NA,NA,NA,NA,NA,NA,NA,98,1.61906,1.7946,158.668,98,0,0,0
"2907",2006,31157,NA,NA,NA,NA,NA,NA,NA,NA,NA,NA,NA,NA,NA,NA,NA,NA,NA,NA,NA,NA,NA,NA,NA,NA,NA,NA,NA,NA,NA,NA,NA,NA,NA,NA,NA,NA,NA,NA,NA,NA,NA,NA,NA,NA,NA,NA,NA,NA,NA,NA,NA,NA,55,0.829091,1.09678,45.6,55,0,0,0
"2908",2006,31011,NA,NA,NA,NA,NA,NA,NA,NA,NA,NA,NA,NA,NA,NA,NA,NA,NA,NA,NA,NA,NA,NA,NA,NA,NA,NA,NA,NA,NA,NA,NA,NA,NA,NA,NA,NA,NA,NA,NA,NA,NA,NA,NA,NA,NA,NA,NA,NA,NA,NA,NA,NA,46,1.01133,0.755308,46.5214,46,2.4624,4.64568,113.27
"2909",2006,31037,NA,NA,NA,NA,NA,NA,NA,NA,NA,NA,NA,NA,NA,NA,NA,NA,NA,NA,NA,NA,NA,NA,NA,NA,NA,NA,NA,NA,NA,NA,NA,NA,NA,NA,NA,NA,NA,NA,NA,NA,NA,NA,NA,NA,NA,NA,NA,NA,NA,NA,NA,NA,31,0,0,0,31,0,0,0
"2910",2006,31141,NA,NA,NA,NA,NA,NA,NA,NA,NA,NA,NA,NA,NA,NA,NA,NA,NA,NA,NA,NA,NA,NA,NA,NA,NA,NA,NA,NA,NA,NA,NA,NA,NA,NA,NA,NA,NA,NA,NA,NA,NA,NA,NA,NA,NA,NA,NA,NA,NA,NA,NA,NA,50,0,0,0,50,0,0,0
"2911",2006,31053,NA,NA,NA,NA,NA,NA,NA,NA,NA,NA,NA,NA,NA,NA,NA,NA,NA,NA,NA,NA,NA,NA,NA,NA,NA,NA,NA,NA,NA,NA,NA,NA,NA,NA,NA,NA,NA,NA,NA,NA,NA,NA,NA,NA,NA,NA,NA,NA,NA,NA,NA,NA,34,0,0,0,34,0,0,0
"2912",2006,31117,NA,NA,NA,NA,NA,NA,NA,NA,NA,NA,NA,NA,NA,NA,NA,NA,NA,NA,NA,NA,NA,NA,NA,NA,NA,NA,NA,NA,NA,NA,NA,NA,NA,NA,NA,NA,NA,NA,NA,NA,NA,NA,NA,NA,NA,NA,NA,NA,NA,NA,NA,NA,54,4.55127,1.3139,245.768,54,0.637151,0.591668,34.4062
"2913",2006,31005,NA,NA,NA,NA,NA,NA,NA,NA,NA,NA,NA,NA,NA,NA,NA,NA,NA,NA,NA,NA,NA,NA,NA,NA,NA,NA,NA,NA,NA,NA,NA,NA,NA,NA,NA,NA,NA,NA,NA,NA,NA,NA,NA,NA,NA,NA,NA,NA,NA,NA,NA,NA,48,4.4471,1.15206,213.461,48,0.70942,0.68632,34.0522
"2914",2006,31077,NA,NA,NA,NA,NA,NA,NA,NA,NA,NA,NA,NA,NA,NA,NA,NA,NA,NA,NA,NA,NA,NA,NA,NA,NA,NA,NA,NA,NA,NA,NA,NA,NA,NA,NA,NA,NA,NA,NA,NA,NA,NA,NA,NA,NA,NA,NA,NA,NA,NA,NA,NA,43,0.454884,0.655128,19.56,43,7.57395,5.50705,325.68
"2915",2006,31041,NA,NA,NA,NA,NA,NA,NA,NA,NA,NA,NA,NA,NA,NA,NA,NA,NA,NA,NA,NA,NA,NA,NA,NA,NA,NA,NA,NA,NA,NA,NA,NA,NA,NA,NA,NA,NA,NA,NA,NA,NA,NA,NA,NA,NA,NA,NA,NA,NA,NA,NA,NA,184,2.72336,1.3591,501.097,184,6.95985,1.76763,1280.61
"2916",2006,31113,NA,NA,NA,NA,NA,NA,NA,NA,NA,NA,NA,NA,NA,NA,NA,NA,NA,NA,NA,NA,NA,NA,NA,NA,NA,NA,NA,NA,NA,NA,NA,NA,NA,NA,NA,NA,NA,NA,NA,NA,NA,NA,NA,NA,NA,NA,NA,NA,NA,NA,NA,NA,42,0.589393,0.694002,24.7545,42,4.92034,1.15197,206.654
"2917",2006,31175,NA,NA,NA,NA,NA,NA,NA,NA,NA,NA,NA,NA,NA,NA,NA,NA,NA,NA,NA,NA,NA,NA,NA,NA,NA,NA,NA,NA,NA,NA,NA,NA,NA,NA,NA,NA,NA,NA,NA,NA,NA,NA,NA,NA,NA,NA,NA,NA,NA,NA,NA,NA,42,1.07028,0.859294,44.9519,42,10.8461,5.31347,455.537
"2918",2006,31007,NA,NA,NA,NA,NA,NA,NA,NA,NA,NA,NA,NA,NA,NA,NA,NA,NA,NA,NA,NA,NA,NA,NA,NA,NA,NA,NA,NA,NA,NA,NA,NA,NA,NA,NA,NA,NA,NA,NA,NA,NA,NA,NA,NA,NA,NA,NA,NA,NA,NA,NA,NA,55,1.2433,1.98325,68.3817,55,0.0233146,0.120019,1.2823
"2919",2006,31177,NA,NA,NA,NA,NA,NA,NA,NA,NA,NA,NA,NA,NA,NA,NA,NA,NA,NA,NA,NA,NA,NA,NA,NA,NA,NA,NA,NA,NA,NA,NA,NA,NA,NA,NA,NA,NA,NA,NA,NA,NA,NA,NA,NA,NA,NA,NA,NA,NA,NA,NA,NA,29,0,0,0,29,0,0,0
"2920",2006,31125,NA,NA,NA,NA,NA,NA,NA,NA,NA,NA,NA,NA,NA,NA,NA,NA,NA,NA,NA,NA,NA,NA,NA,NA,NA,NA,NA,NA,NA,NA,NA,NA,NA,NA,NA,NA,NA,NA,NA,NA,NA,NA,NA,NA,NA,NA,NA,NA,NA,NA,NA,NA,35,0,0,0,35,0,0,0
"2921",2006,31023,NA,NA,NA,NA,NA,NA,NA,NA,NA,NA,NA,NA,NA,NA,NA,NA,NA,NA,NA,NA,NA,NA,NA,NA,NA,NA,NA,NA,NA,NA,NA,NA,NA,NA,NA,NA,NA,NA,NA,NA,NA,NA,NA,NA,NA,NA,NA,NA,NA,NA,NA,NA,42,0,0,0,42,0,0,0
"2922",2006,31155,NA,NA,NA,NA,NA,NA,NA,NA,NA,NA,NA,NA,NA,NA,NA,NA,NA,NA,NA,NA,NA,NA,NA,NA,NA,NA,NA,NA,NA,NA,NA,NA,NA,NA,NA,NA,NA,NA,NA,NA,NA,NA,NA,NA,NA,NA,NA,NA,NA,NA,NA,NA,53,0,0,0,53,0,0,0
"2923",2006,31033,NA,NA,NA,NA,NA,NA,NA,NA,NA,NA,NA,NA,NA,NA,NA,NA,NA,NA,NA,NA,NA,NA,NA,NA,NA,NA,NA,NA,NA,NA,NA,NA,NA,NA,NA,NA,NA,NA,NA,NA,NA,NA,NA,NA,NA,NA,NA,NA,NA,NA,NA,NA,90,2.88053,0.797383,259.248,90,0,0,0
"2924",2006,31101,NA,NA,NA,NA,NA,NA,NA,NA,NA,NA,NA,NA,NA,NA,NA,NA,NA,NA,NA,NA,NA,NA,NA,NA,NA,NA,NA,NA,NA,NA,NA,NA,NA,NA,NA,NA,NA,NA,NA,NA,NA,NA,NA,NA,NA,NA,NA,NA,NA,NA,NA,NA,88,4.01954,1.91056,353.719,88,0,0,0
"2925",2006,31111,NA,NA,NA,NA,NA,NA,NA,NA,NA,NA,NA,NA,NA,NA,NA,NA,NA,NA,NA,NA,NA,NA,NA,NA,NA,NA,NA,NA,NA,NA,NA,NA,NA,NA,NA,NA,NA,NA,NA,NA,NA,NA,NA,NA,NA,NA,NA,NA,NA,NA,NA,NA,182,2.71841,1.98587,494.75,182,2.19484,2.33705,399.461
"2926",2006,31143,NA,NA,NA,NA,NA,NA,NA,NA,NA,NA,NA,NA,NA,NA,NA,NA,NA,NA,NA,NA,NA,NA,NA,NA,NA,NA,NA,NA,NA,NA,NA,NA,NA,NA,NA,NA,NA,NA,NA,NA,NA,NA,NA,NA,NA,NA,NA,NA,NA,NA,NA,NA,30,0,0,0,30,0,0,0
"2927",2006,31105,NA,NA,NA,NA,NA,NA,NA,NA,NA,NA,NA,NA,NA,NA,NA,NA,NA,NA,NA,NA,NA,NA,NA,NA,NA,NA,NA,NA,NA,NA,NA,NA,NA,NA,NA,NA,NA,NA,NA,NA,NA,NA,NA,NA,NA,NA,NA,NA,NA,NA,NA,NA,64,0.546018,0.828492,34.9451,64,0.030054,0.135521,1.92345
"2928",2006,31121,NA,NA,NA,NA,NA,NA,NA,NA,NA,NA,NA,NA,NA,NA,NA,NA,NA,NA,NA,NA,NA,NA,NA,NA,NA,NA,NA,NA,NA,NA,NA,NA,NA,NA,NA,NA,NA,NA,NA,NA,NA,NA,NA,NA,NA,NA,NA,NA,NA,NA,NA,NA,36,0,0,0,36,0,0,0
"2929",2006,31093,NA,NA,NA,NA,NA,NA,NA,NA,NA,NA,NA,NA,NA,NA,NA,NA,NA,NA,NA,NA,NA,NA,NA,NA,NA,NA,NA,NA,NA,NA,NA,NA,NA,NA,NA,NA,NA,NA,NA,NA,NA,NA,NA,NA,NA,NA,NA,NA,NA,NA,NA,NA,43,0.0348837,0.226072,1.5,43,0.122791,0.23362,5.28
"2930",2006,31163,NA,NA,NA,NA,NA,NA,NA,NA,NA,NA,NA,NA,NA,NA,NA,NA,NA,NA,NA,NA,NA,NA,NA,NA,NA,NA,NA,NA,NA,NA,NA,NA,NA,NA,NA,NA,NA,NA,NA,NA,NA,NA,NA,NA,NA,NA,NA,NA,NA,NA,NA,NA,35,0.313752,0.594318,10.9813,35,0.792518,1.64672,27.7381
"2931",2006,31055,NA,NA,NA,NA,NA,NA,NA,NA,NA,NA,NA,NA,NA,NA,NA,NA,NA,NA,NA,NA,NA,NA,NA,NA,NA,NA,NA,NA,NA,NA,NA,NA,NA,NA,NA,NA,NA,NA,NA,NA,NA,NA,NA,NA,NA,NA,NA,NA,NA,NA,NA,NA,22,0,0,0,22,0,0,0
"2932",2006,31049,NA,NA,NA,NA,NA,NA,NA,NA,NA,NA,NA,NA,NA,NA,NA,NA,NA,NA,NA,NA,NA,NA,NA,NA,NA,NA,NA,NA,NA,NA,NA,NA,NA,NA,NA,NA,NA,NA,NA,NA,NA,NA,NA,NA,NA,NA,NA,NA,NA,NA,NA,NA,32,1.91391,0.318042,61.2451,32,0,0,0
"2933",2006,31153,NA,NA,NA,NA,NA,NA,NA,NA,NA,NA,NA,NA,NA,NA,NA,NA,NA,NA,NA,NA,NA,NA,NA,NA,NA,NA,NA,NA,NA,NA,NA,NA,NA,NA,NA,NA,NA,NA,NA,NA,NA,NA,NA,NA,NA,NA,NA,NA,NA,NA,NA,NA,19,0,0,0,19,0,0,0
"2934",2006,31081,NA,NA,NA,NA,NA,NA,NA,NA,NA,NA,NA,NA,NA,NA,NA,NA,NA,NA,NA,NA,NA,NA,NA,NA,NA,NA,NA,NA,NA,NA,NA,NA,NA,NA,NA,NA,NA,NA,NA,NA,NA,NA,NA,NA,NA,NA,NA,NA,NA,NA,NA,NA,43,0,0,0,43,0,0,0
"2935",2006,31025,NA,NA,NA,NA,NA,NA,NA,NA,NA,NA,NA,NA,NA,NA,NA,NA,NA,NA,NA,NA,NA,NA,NA,NA,NA,NA,NA,NA,NA,NA,NA,NA,NA,NA,NA,NA,NA,NA,NA,NA,NA,NA,NA,NA,NA,NA,NA,NA,NA,NA,NA,NA,42,0,0,0,42,0,0,0
"2936",2006,31185,NA,NA,NA,NA,NA,NA,NA,NA,NA,NA,NA,NA,NA,NA,NA,NA,NA,NA,NA,NA,NA,NA,NA,NA,NA,NA,NA,NA,NA,NA,NA,NA,NA,NA,NA,NA,NA,NA,NA,NA,NA,NA,NA,NA,NA,NA,NA,NA,NA,NA,NA,NA,42,0,0,0,42,0,0,0
"2937",2006,31079,NA,NA,NA,NA,NA,NA,NA,NA,NA,NA,NA,NA,NA,NA,NA,NA,NA,NA,NA,NA,NA,NA,NA,NA,NA,NA,NA,NA,NA,NA,NA,NA,NA,NA,NA,NA,NA,NA,NA,NA,NA,NA,NA,NA,NA,NA,NA,NA,NA,NA,NA,NA,36,0.0365615,0.103412,1.31621,36,0,0,0
"2938",2006,31047,NA,NA,NA,NA,NA,NA,NA,NA,NA,NA,NA,NA,NA,NA,NA,NA,NA,NA,NA,NA,NA,NA,NA,NA,NA,NA,NA,NA,NA,NA,NA,NA,NA,NA,NA,NA,NA,NA,NA,NA,NA,NA,NA,NA,NA,NA,NA,NA,NA,NA,NA,NA,80,2.96726,2.42061,237.381,80,3.58121,1.36441,286.497
"2939",2006,31019,NA,NA,NA,NA,NA,NA,NA,NA,NA,NA,NA,NA,NA,NA,NA,NA,NA,NA,NA,NA,NA,NA,NA,NA,NA,NA,NA,NA,NA,NA,NA,NA,NA,NA,NA,NA,NA,NA,NA,NA,NA,NA,NA,NA,NA,NA,NA,NA,NA,NA,NA,NA,63,0.426471,0.417531,26.8676,63,0.146795,0.518989,9.24806
"2940",2006,31159,NA,NA,NA,NA,NA,NA,NA,NA,NA,NA,NA,NA,NA,NA,NA,NA,NA,NA,NA,NA,NA,NA,NA,NA,NA,NA,NA,NA,NA,NA,NA,NA,NA,NA,NA,NA,NA,NA,NA,NA,NA,NA,NA,NA,NA,NA,NA,NA,NA,NA,NA,NA,42,0,0,0,42,0,0,0
"2941",2006,31109,NA,NA,NA,NA,NA,NA,NA,NA,NA,NA,NA,NA,NA,NA,NA,NA,NA,NA,NA,NA,NA,NA,NA,NA,NA,NA,NA,NA,NA,NA,NA,NA,NA,NA,NA,NA,NA,NA,NA,NA,NA,NA,NA,NA,NA,NA,NA,NA,NA,NA,NA,NA,57,0,0,0,57,0,0,0
"2942",2006,31135,NA,NA,NA,NA,NA,NA,NA,NA,NA,NA,NA,NA,NA,NA,NA,NA,NA,NA,NA,NA,NA,NA,NA,NA,NA,NA,NA,NA,NA,NA,NA,NA,NA,NA,NA,NA,NA,NA,NA,NA,NA,NA,NA,NA,NA,NA,NA,NA,NA,NA,NA,NA,55,2.01373,1.79832,110.755,55,0.241732,0.656804,13.2953
"2943",2006,31131,NA,NA,NA,NA,NA,NA,NA,NA,NA,NA,NA,NA,NA,NA,NA,NA,NA,NA,NA,NA,NA,NA,NA,NA,NA,NA,NA,NA,NA,NA,NA,NA,NA,NA,NA,NA,NA,NA,NA,NA,NA,NA,NA,NA,NA,NA,NA,NA,NA,NA,NA,NA,44,0.0954546,0.176009,4.2,44,0,0,0
"2944",2006,31063,NA,NA,NA,NA,NA,NA,NA,NA,NA,NA,NA,NA,NA,NA,NA,NA,NA,NA,NA,NA,NA,NA,NA,NA,NA,NA,NA,NA,NA,NA,NA,NA,NA,NA,NA,NA,NA,NA,NA,NA,NA,NA,NA,NA,NA,NA,NA,NA,NA,NA,NA,NA,73,4.6237,1.03427,337.53,73,2.13083,1.19339,155.551
"2945",2006,31001,NA,NA,NA,NA,NA,NA,NA,NA,NA,NA,NA,NA,NA,NA,NA,NA,NA,NA,NA,NA,NA,NA,NA,NA,NA,NA,NA,NA,NA,NA,NA,NA,NA,NA,NA,NA,NA,NA,NA,NA,NA,NA,NA,NA,NA,NA,NA,NA,NA,NA,NA,NA,48,0.109685,0.155117,5.26486,48,0,0,0
"2946",2006,31073,NA,NA,NA,NA,NA,NA,NA,NA,NA,NA,NA,NA,NA,NA,NA,NA,NA,NA,NA,NA,NA,NA,NA,NA,NA,NA,NA,NA,NA,NA,NA,NA,NA,NA,NA,NA,NA,NA,NA,NA,NA,NA,NA,NA,NA,NA,NA,NA,NA,NA,NA,NA,32,0.63594,0.531024,20.3501,32,2.59328,1.67806,82.985
"2947",2006,31085,NA,NA,NA,NA,NA,NA,NA,NA,NA,NA,NA,NA,NA,NA,NA,NA,NA,NA,NA,NA,NA,NA,NA,NA,NA,NA,NA,NA,NA,NA,NA,NA,NA,NA,NA,NA,NA,NA,NA,NA,NA,NA,NA,NA,NA,NA,NA,NA,NA,NA,NA,NA,56,2.3382,0.895892,130.939,56,0.633674,0.348026,35.4858
"2948",2006,31029,NA,NA,NA,NA,NA,NA,NA,NA,NA,NA,NA,NA,NA,NA,NA,NA,NA,NA,NA,NA,NA,NA,NA,NA,NA,NA,NA,NA,NA,NA,NA,NA,NA,NA,NA,NA,NA,NA,NA,NA,NA,NA,NA,NA,NA,NA,NA,NA,NA,NA,NA,NA,70,0.550611,0.600388,38.5428,70,1.00558,0.911045,70.3904
"2949",2006,31059,NA,NA,NA,NA,NA,NA,NA,NA,NA,NA,NA,NA,NA,NA,NA,NA,NA,NA,NA,NA,NA,NA,NA,NA,NA,NA,NA,NA,NA,NA,NA,NA,NA,NA,NA,NA,NA,NA,NA,NA,NA,NA,NA,NA,NA,NA,NA,NA,NA,NA,NA,NA,42,0,0,0,42,0,0,0
"2950",2006,31151,NA,NA,NA,NA,NA,NA,NA,NA,NA,NA,NA,NA,NA,NA,NA,NA,NA,NA,NA,NA,NA,NA,NA,NA,NA,NA,NA,NA,NA,NA,NA,NA,NA,NA,NA,NA,NA,NA,NA,NA,NA,NA,NA,NA,NA,NA,NA,NA,NA,NA,NA,NA,43,0,0,0,43,0,0,0
"2951",2006,31035,NA,NA,NA,NA,NA,NA,NA,NA,NA,NA,NA,NA,NA,NA,NA,NA,NA,NA,NA,NA,NA,NA,NA,NA,NA,NA,NA,NA,NA,NA,NA,NA,NA,NA,NA,NA,NA,NA,NA,NA,NA,NA,NA,NA,NA,NA,NA,NA,NA,NA,NA,NA,38,0,0,0,38,0,0,0
"2952",2006,31099,NA,NA,NA,NA,NA,NA,NA,NA,NA,NA,NA,NA,NA,NA,NA,NA,NA,NA,NA,NA,NA,NA,NA,NA,NA,NA,NA,NA,NA,NA,NA,NA,NA,NA,NA,NA,NA,NA,NA,NA,NA,NA,NA,NA,NA,NA,NA,NA,NA,NA,NA,NA,36,0.0331774,0.0574649,1.19439,36,0,0,0
"2953",2006,31137,NA,NA,NA,NA,NA,NA,NA,NA,NA,NA,NA,NA,NA,NA,NA,NA,NA,NA,NA,NA,NA,NA,NA,NA,NA,NA,NA,NA,NA,NA,NA,NA,NA,NA,NA,NA,NA,NA,NA,NA,NA,NA,NA,NA,NA,NA,NA,NA,NA,NA,NA,NA,37,0.338696,0.356398,12.5317,37,0.851285,1.23364,31.4976
"2954",2006,31127,NA,NA,NA,NA,NA,NA,NA,NA,NA,NA,NA,NA,NA,NA,NA,NA,NA,NA,NA,NA,NA,NA,NA,NA,NA,NA,NA,NA,NA,NA,NA,NA,NA,NA,NA,NA,NA,NA,NA,NA,NA,NA,NA,NA,NA,NA,NA,NA,NA,NA,NA,NA,30,0.0649875,0.171083,1.94963,30,0,0,0
"2955",2006,31067,NA,NA,NA,NA,NA,NA,NA,NA,NA,NA,NA,NA,NA,NA,NA,NA,NA,NA,NA,NA,NA,NA,NA,NA,NA,NA,NA,NA,NA,NA,NA,NA,NA,NA,NA,NA,NA,NA,NA,NA,NA,NA,NA,NA,NA,NA,NA,NA,NA,NA,NA,NA,60,0,0,0,60,0,0,0
"2956",2006,31097,NA,NA,NA,NA,NA,NA,NA,NA,NA,NA,NA,NA,NA,NA,NA,NA,NA,NA,NA,NA,NA,NA,NA,NA,NA,NA,NA,NA,NA,NA,NA,NA,NA,NA,NA,NA,NA,NA,NA,NA,NA,NA,NA,NA,NA,NA,NA,NA,NA,NA,NA,NA,28,0,0,0,28,0,0,0
"2957",2006,31181,NA,NA,NA,NA,NA,NA,NA,NA,NA,NA,NA,NA,NA,NA,NA,NA,NA,NA,NA,NA,NA,NA,NA,NA,NA,NA,NA,NA,NA,NA,NA,NA,NA,NA,NA,NA,NA,NA,NA,NA,NA,NA,NA,NA,NA,NA,NA,NA,NA,NA,NA,NA,36,0,0,0,36,0,0,0
"2958",2006,31061,NA,NA,NA,NA,NA,NA,NA,NA,NA,NA,NA,NA,NA,NA,NA,NA,NA,NA,NA,NA,NA,NA,NA,NA,NA,NA,NA,NA,NA,NA,NA,NA,NA,NA,NA,NA,NA,NA,NA,NA,NA,NA,NA,NA,NA,NA,NA,NA,NA,NA,NA,NA,37,0,0,0,37,0,0,0
"2959",2006,31129,NA,NA,NA,NA,NA,NA,NA,NA,NA,NA,NA,NA,NA,NA,NA,NA,NA,NA,NA,NA,NA,NA,NA,NA,NA,NA,NA,NA,NA,NA,NA,NA,NA,NA,NA,NA,NA,NA,NA,NA,NA,NA,NA,NA,NA,NA,NA,NA,NA,NA,NA,NA,45,0,0,0,45,0,0,0
"2960",2006,31057,NA,NA,NA,NA,NA,NA,NA,NA,NA,NA,NA,NA,NA,NA,NA,NA,NA,NA,NA,NA,NA,NA,NA,NA,NA,NA,NA,NA,NA,NA,NA,NA,NA,NA,NA,NA,NA,NA,NA,NA,NA,NA,NA,NA,NA,NA,NA,NA,NA,NA,NA,NA,60,1.93952,1.51241,116.371,60,0.308879,0.513592,18.5327
"2961",2006,31065,NA,NA,NA,NA,NA,NA,NA,NA,NA,NA,NA,NA,NA,NA,NA,NA,NA,NA,NA,NA,NA,NA,NA,NA,NA,NA,NA,NA,NA,NA,NA,NA,NA,NA,NA,NA,NA,NA,NA,NA,NA,NA,NA,NA,NA,NA,NA,NA,NA,NA,NA,NA,55,0.301546,0.577621,16.585,55,1.36826,1.56298,75.2543
"2962",2006,31169,NA,NA,NA,NA,NA,NA,NA,NA,NA,NA,NA,NA,NA,NA,NA,NA,NA,NA,NA,NA,NA,NA,NA,NA,NA,NA,NA,NA,NA,NA,NA,NA,NA,NA,NA,NA,NA,NA,NA,NA,NA,NA,NA,NA,NA,NA,NA,NA,NA,NA,NA,NA,42,0,0,0,42,0,0,0
"2963",2006,31095,NA,NA,NA,NA,NA,NA,NA,NA,NA,NA,NA,NA,NA,NA,NA,NA,NA,NA,NA,NA,NA,NA,NA,NA,NA,NA,NA,NA,NA,NA,NA,NA,NA,NA,NA,NA,NA,NA,NA,NA,NA,NA,NA,NA,NA,NA,NA,NA,NA,NA,NA,NA,39,0,0,0,39,0,0,0
"2964",2006,31145,NA,NA,NA,NA,NA,NA,NA,NA,NA,NA,NA,NA,NA,NA,NA,NA,NA,NA,NA,NA,NA,NA,NA,NA,NA,NA,NA,NA,NA,NA,NA,NA,NA,NA,NA,NA,NA,NA,NA,NA,NA,NA,NA,NA,NA,NA,NA,NA,NA,NA,NA,NA,48,4.3,1.68812,206.4,48,0.449702,1.04749,21.5857
"2965",2006,31087,NA,NA,NA,NA,NA,NA,NA,NA,NA,NA,NA,NA,NA,NA,NA,NA,NA,NA,NA,NA,NA,NA,NA,NA,NA,NA,NA,NA,NA,NA,NA,NA,NA,NA,NA,NA,NA,NA,NA,NA,NA,NA,NA,NA,NA,NA,NA,NA,NA,NA,NA,NA,48,2.52581,1.44697,121.239,48,0.194256,0.394314,9.3243
"2966",2006,31083,NA,NA,NA,NA,NA,NA,NA,NA,NA,NA,NA,NA,NA,NA,NA,NA,NA,NA,NA,NA,NA,NA,NA,NA,NA,NA,NA,NA,NA,NA,NA,NA,NA,NA,NA,NA,NA,NA,NA,NA,NA,NA,NA,NA,NA,NA,NA,NA,NA,NA,NA,NA,49,0.0236657,0.056987,1.15962,49,0.26747,0.763189,13.106
"2967",2006,31133,NA,NA,NA,NA,NA,NA,NA,NA,NA,NA,NA,NA,NA,NA,NA,NA,NA,NA,NA,NA,NA,NA,NA,NA,NA,NA,NA,NA,NA,NA,NA,NA,NA,NA,NA,NA,NA,NA,NA,NA,NA,NA,NA,NA,NA,NA,NA,NA,NA,NA,NA,NA,30,0.224,0.239466,6.72,30,0,0,0
"2968",2006,31147,NA,NA,NA,NA,NA,NA,NA,NA,NA,NA,NA,NA,NA,NA,NA,NA,NA,NA,NA,NA,NA,NA,NA,NA,NA,NA,NA,NA,NA,NA,NA,NA,NA,NA,NA,NA,NA,NA,NA,NA,NA,NA,NA,NA,NA,NA,NA,NA,NA,NA,NA,NA,42,0.285714,0.29966,12,42,0,0,0
